--
-- PostgreSQL database dump
--

-- Dumped from database version 14.5
-- Dumped by pg_dump version 14.5

SET statement_timeout = 0;
SET lock_timeout = 0;
SET idle_in_transaction_session_timeout = 0;
SET client_encoding = 'UTF8';
SET standard_conforming_strings = on;
SELECT pg_catalog.set_config('search_path', '', false);
SET check_function_bodies = false;
SET xmloption = content;
SET client_min_messages = warning;
SET row_security = off;

--
-- Name: postgis; Type: EXTENSION; Schema: -; Owner: -
--

CREATE EXTENSION IF NOT EXISTS postgis WITH SCHEMA public;


--
-- Name: EXTENSION postgis; Type: COMMENT; Schema: -; Owner: 
--

COMMENT ON EXTENSION postgis IS 'PostGIS geometry and geography spatial types and functions';


SET default_tablespace = '';

SET default_table_access_method = heap;

--
-- Name: account_profile; Type: TABLE; Schema: public; Owner: postgres
--

CREATE TABLE public.account_profile (
    id bigint NOT NULL,
    title character varying(100),
    work_phone character varying(128) NOT NULL,
    mobile_phone character varying(128) NOT NULL,
    city character varying(50),
    state character varying(50),
    bio text,
    photo character varying(100) NOT NULL,
    user_id bigint NOT NULL
);


ALTER TABLE public.account_profile OWNER TO postgres;

--
-- Name: account_profile_id_seq; Type: SEQUENCE; Schema: public; Owner: postgres
--

ALTER TABLE public.account_profile ALTER COLUMN id ADD GENERATED BY DEFAULT AS IDENTITY (
    SEQUENCE NAME public.account_profile_id_seq
    START WITH 1
    INCREMENT BY 1
    NO MINVALUE
    NO MAXVALUE
    CACHE 1
);


--
-- Name: account_user; Type: TABLE; Schema: public; Owner: postgres
--

CREATE TABLE public.account_user (
    id bigint NOT NULL,
    password character varying(128) NOT NULL,
    last_login timestamp with time zone,
    is_superuser boolean NOT NULL,
    is_staff boolean NOT NULL,
    is_active boolean NOT NULL,
    date_joined timestamp with time zone NOT NULL,
    first_name character varying(50) NOT NULL,
    last_name character varying(50) NOT NULL,
    email character varying(100) NOT NULL,
    role smallint NOT NULL,
    CONSTRAINT account_user_role_check CHECK ((role >= 0))
);


ALTER TABLE public.account_user OWNER TO postgres;

--
-- Name: account_user_groups; Type: TABLE; Schema: public; Owner: postgres
--

CREATE TABLE public.account_user_groups (
    id bigint NOT NULL,
    user_id bigint NOT NULL,
    group_id integer NOT NULL
);


ALTER TABLE public.account_user_groups OWNER TO postgres;

--
-- Name: account_user_groups_id_seq; Type: SEQUENCE; Schema: public; Owner: postgres
--

ALTER TABLE public.account_user_groups ALTER COLUMN id ADD GENERATED BY DEFAULT AS IDENTITY (
    SEQUENCE NAME public.account_user_groups_id_seq
    START WITH 1
    INCREMENT BY 1
    NO MINVALUE
    NO MAXVALUE
    CACHE 1
);


--
-- Name: account_user_id_seq; Type: SEQUENCE; Schema: public; Owner: postgres
--

ALTER TABLE public.account_user ALTER COLUMN id ADD GENERATED BY DEFAULT AS IDENTITY (
    SEQUENCE NAME public.account_user_id_seq
    START WITH 1
    INCREMENT BY 1
    NO MINVALUE
    NO MAXVALUE
    CACHE 1
);


--
-- Name: account_user_user_permissions; Type: TABLE; Schema: public; Owner: postgres
--

CREATE TABLE public.account_user_user_permissions (
    id bigint NOT NULL,
    user_id bigint NOT NULL,
    permission_id integer NOT NULL
);


ALTER TABLE public.account_user_user_permissions OWNER TO postgres;

--
-- Name: account_user_user_permissions_id_seq; Type: SEQUENCE; Schema: public; Owner: postgres
--

ALTER TABLE public.account_user_user_permissions ALTER COLUMN id ADD GENERATED BY DEFAULT AS IDENTITY (
    SEQUENCE NAME public.account_user_user_permissions_id_seq
    START WITH 1
    INCREMENT BY 1
    NO MINVALUE
    NO MAXVALUE
    CACHE 1
);


--
-- Name: administration_department; Type: TABLE; Schema: public; Owner: postgres
--

CREATE TABLE public.administration_department (
    id bigint NOT NULL,
    created_at timestamp with time zone NOT NULL,
    updated_at timestamp with time zone NOT NULL,
    is_active boolean NOT NULL,
    name character varying(300) NOT NULL,
    description text NOT NULL,
    slug character varying(200),
    assistant_id bigint,
    created_by_id bigint NOT NULL,
    deputy_id bigint,
    img_banner_id bigint NOT NULL,
    img_card_id bigint NOT NULL,
    manager_id bigint NOT NULL,
    updated_by_id bigint NOT NULL
);


ALTER TABLE public.administration_department OWNER TO postgres;

--
-- Name: administration_department_id_seq; Type: SEQUENCE; Schema: public; Owner: postgres
--

ALTER TABLE public.administration_department ALTER COLUMN id ADD GENERATED BY DEFAULT AS IDENTITY (
    SEQUENCE NAME public.administration_department_id_seq
    START WITH 1
    INCREMENT BY 1
    NO MINVALUE
    NO MAXVALUE
    CACHE 1
);


--
-- Name: administration_department_staff; Type: TABLE; Schema: public; Owner: postgres
--

CREATE TABLE public.administration_department_staff (
    id bigint NOT NULL,
    department_id bigint NOT NULL,
    user_id bigint NOT NULL
);


ALTER TABLE public.administration_department_staff OWNER TO postgres;

--
-- Name: administration_department_staff_id_seq; Type: SEQUENCE; Schema: public; Owner: postgres
--

ALTER TABLE public.administration_department_staff ALTER COLUMN id ADD GENERATED BY DEFAULT AS IDENTITY (
    SEQUENCE NAME public.administration_department_staff_id_seq
    START WITH 1
    INCREMENT BY 1
    NO MINVALUE
    NO MAXVALUE
    CACHE 1
);


--
-- Name: administration_division; Type: TABLE; Schema: public; Owner: postgres
--

CREATE TABLE public.administration_division (
    id bigint NOT NULL,
    created_at timestamp with time zone NOT NULL,
    updated_at timestamp with time zone NOT NULL,
    is_active boolean NOT NULL,
    name character varying(300) NOT NULL,
    description text NOT NULL,
    slug character varying(200),
    assistant_id bigint,
    created_by_id bigint NOT NULL,
    department_id bigint NOT NULL,
    deputy_id bigint,
    img_banner_id bigint NOT NULL,
    img_card_id bigint NOT NULL,
    manager_id bigint NOT NULL,
    updated_by_id bigint NOT NULL
);


ALTER TABLE public.administration_division OWNER TO postgres;

--
-- Name: administration_division_id_seq; Type: SEQUENCE; Schema: public; Owner: postgres
--

ALTER TABLE public.administration_division ALTER COLUMN id ADD GENERATED BY DEFAULT AS IDENTITY (
    SEQUENCE NAME public.administration_division_id_seq
    START WITH 1
    INCREMENT BY 1
    NO MINVALUE
    NO MAXVALUE
    CACHE 1
);


--
-- Name: administration_division_staff; Type: TABLE; Schema: public; Owner: postgres
--

CREATE TABLE public.administration_division_staff (
    id bigint NOT NULL,
    division_id bigint NOT NULL,
    user_id bigint NOT NULL
);


ALTER TABLE public.administration_division_staff OWNER TO postgres;

--
-- Name: administration_division_staff_id_seq; Type: SEQUENCE; Schema: public; Owner: postgres
--

ALTER TABLE public.administration_division_staff ALTER COLUMN id ADD GENERATED BY DEFAULT AS IDENTITY (
    SEQUENCE NAME public.administration_division_staff_id_seq
    START WITH 1
    INCREMENT BY 1
    NO MINVALUE
    NO MAXVALUE
    CACHE 1
);


--
-- Name: administration_facility; Type: TABLE; Schema: public; Owner: postgres
--

CREATE TABLE public.administration_facility (
    id bigint NOT NULL,
    created_at timestamp with time zone NOT NULL,
    updated_at timestamp with time zone NOT NULL,
    is_active boolean NOT NULL,
    name character varying(300) NOT NULL,
    description text NOT NULL,
    slug character varying(200),
    phone_number character varying(128) NOT NULL,
    street_address character varying(100) NOT NULL,
    mailing_address character varying(100),
    city character varying(50) NOT NULL,
    state character varying(50) NOT NULL,
    zipcode character varying(5) NOT NULL,
    coordinates public.geometry(Point,4326) NOT NULL,
    assistant_id bigint,
    created_by_id bigint NOT NULL,
    deputy_id bigint,
    facility_type_id bigint NOT NULL,
    img_banner_id bigint NOT NULL,
    img_card_id bigint NOT NULL,
    manager_id bigint NOT NULL,
    updated_by_id bigint NOT NULL
);


ALTER TABLE public.administration_facility OWNER TO postgres;

--
-- Name: administration_facility_id_seq; Type: SEQUENCE; Schema: public; Owner: postgres
--

ALTER TABLE public.administration_facility ALTER COLUMN id ADD GENERATED BY DEFAULT AS IDENTITY (
    SEQUENCE NAME public.administration_facility_id_seq
    START WITH 1
    INCREMENT BY 1
    NO MINVALUE
    NO MAXVALUE
    CACHE 1
);


--
-- Name: administration_facility_staff; Type: TABLE; Schema: public; Owner: postgres
--

CREATE TABLE public.administration_facility_staff (
    id bigint NOT NULL,
    facility_id bigint NOT NULL,
    user_id bigint NOT NULL
);


ALTER TABLE public.administration_facility_staff OWNER TO postgres;

--
-- Name: administration_facility_staff_id_seq; Type: SEQUENCE; Schema: public; Owner: postgres
--

ALTER TABLE public.administration_facility_staff ALTER COLUMN id ADD GENERATED BY DEFAULT AS IDENTITY (
    SEQUENCE NAME public.administration_facility_staff_id_seq
    START WITH 1
    INCREMENT BY 1
    NO MINVALUE
    NO MAXVALUE
    CACHE 1
);


--
-- Name: administration_project; Type: TABLE; Schema: public; Owner: postgres
--

CREATE TABLE public.administration_project (
    id bigint NOT NULL,
    created_at timestamp with time zone NOT NULL,
    updated_at timestamp with time zone NOT NULL,
    is_active boolean NOT NULL,
    name character varying(300) NOT NULL,
    description text NOT NULL,
    slug character varying(200),
    created_by_id bigint NOT NULL,
    department_id bigint NOT NULL,
    img_banner_id bigint NOT NULL,
    img_card_id bigint NOT NULL,
    updated_by_id bigint NOT NULL
);


ALTER TABLE public.administration_project OWNER TO postgres;

--
-- Name: administration_project_id_seq; Type: SEQUENCE; Schema: public; Owner: postgres
--

ALTER TABLE public.administration_project ALTER COLUMN id ADD GENERATED BY DEFAULT AS IDENTITY (
    SEQUENCE NAME public.administration_project_id_seq
    START WITH 1
    INCREMENT BY 1
    NO MINVALUE
    NO MAXVALUE
    CACHE 1
);


--
-- Name: administration_project_project_leader; Type: TABLE; Schema: public; Owner: postgres
--

CREATE TABLE public.administration_project_project_leader (
    id bigint NOT NULL,
    project_id bigint NOT NULL,
    user_id bigint NOT NULL
);


ALTER TABLE public.administration_project_project_leader OWNER TO postgres;

--
-- Name: administration_project_project_leader_id_seq; Type: SEQUENCE; Schema: public; Owner: postgres
--

ALTER TABLE public.administration_project_project_leader ALTER COLUMN id ADD GENERATED BY DEFAULT AS IDENTITY (
    SEQUENCE NAME public.administration_project_project_leader_id_seq
    START WITH 1
    INCREMENT BY 1
    NO MINVALUE
    NO MAXVALUE
    CACHE 1
);


--
-- Name: administration_subproject; Type: TABLE; Schema: public; Owner: postgres
--

CREATE TABLE public.administration_subproject (
    id bigint NOT NULL,
    created_at timestamp with time zone NOT NULL,
    updated_at timestamp with time zone NOT NULL,
    is_active boolean NOT NULL,
    name character varying(300) NOT NULL,
    description text NOT NULL,
    created_by_id bigint NOT NULL,
    division_id bigint NOT NULL,
    img_banner_id bigint NOT NULL,
    img_card_id bigint NOT NULL,
    lead_id bigint NOT NULL,
    project_id bigint NOT NULL,
    updated_by_id bigint NOT NULL,
    sort_order integer NOT NULL
);


ALTER TABLE public.administration_subproject OWNER TO postgres;

--
-- Name: administration_subproject_id_seq; Type: SEQUENCE; Schema: public; Owner: postgres
--

ALTER TABLE public.administration_subproject ALTER COLUMN id ADD GENERATED BY DEFAULT AS IDENTITY (
    SEQUENCE NAME public.administration_subproject_id_seq
    START WITH 1
    INCREMENT BY 1
    NO MINVALUE
    NO MAXVALUE
    CACHE 1
);


--
-- Name: administration_task; Type: TABLE; Schema: public; Owner: postgres
--

CREATE TABLE public.administration_task (
    id bigint NOT NULL,
    created_at timestamp with time zone NOT NULL,
    updated_at timestamp with time zone NOT NULL,
    is_active boolean NOT NULL,
    description text NOT NULL,
    created_by_id bigint NOT NULL,
    img_banner_id bigint NOT NULL,
    img_card_id bigint NOT NULL,
    subproject_id bigint NOT NULL,
    supervisor_id bigint NOT NULL,
    task_type_id bigint,
    updated_by_id bigint NOT NULL,
    sort_order integer NOT NULL
);


ALTER TABLE public.administration_task OWNER TO postgres;

--
-- Name: administration_task_id_seq; Type: SEQUENCE; Schema: public; Owner: postgres
--

ALTER TABLE public.administration_task ALTER COLUMN id ADD GENERATED BY DEFAULT AS IDENTITY (
    SEQUENCE NAME public.administration_task_id_seq
    START WITH 1
    INCREMENT BY 1
    NO MINVALUE
    NO MAXVALUE
    CACHE 1
);


--
-- Name: auth_group; Type: TABLE; Schema: public; Owner: postgres
--

CREATE TABLE public.auth_group (
    id integer NOT NULL,
    name character varying(150) NOT NULL
);


ALTER TABLE public.auth_group OWNER TO postgres;

--
-- Name: auth_group_id_seq; Type: SEQUENCE; Schema: public; Owner: postgres
--

ALTER TABLE public.auth_group ALTER COLUMN id ADD GENERATED BY DEFAULT AS IDENTITY (
    SEQUENCE NAME public.auth_group_id_seq
    START WITH 1
    INCREMENT BY 1
    NO MINVALUE
    NO MAXVALUE
    CACHE 1
);


--
-- Name: auth_group_permissions; Type: TABLE; Schema: public; Owner: postgres
--

CREATE TABLE public.auth_group_permissions (
    id bigint NOT NULL,
    group_id integer NOT NULL,
    permission_id integer NOT NULL
);


ALTER TABLE public.auth_group_permissions OWNER TO postgres;

--
-- Name: auth_group_permissions_id_seq; Type: SEQUENCE; Schema: public; Owner: postgres
--

ALTER TABLE public.auth_group_permissions ALTER COLUMN id ADD GENERATED BY DEFAULT AS IDENTITY (
    SEQUENCE NAME public.auth_group_permissions_id_seq
    START WITH 1
    INCREMENT BY 1
    NO MINVALUE
    NO MAXVALUE
    CACHE 1
);


--
-- Name: auth_permission; Type: TABLE; Schema: public; Owner: postgres
--

CREATE TABLE public.auth_permission (
    id integer NOT NULL,
    name character varying(255) NOT NULL,
    content_type_id integer NOT NULL,
    codename character varying(100) NOT NULL
);


ALTER TABLE public.auth_permission OWNER TO postgres;

--
-- Name: auth_permission_id_seq; Type: SEQUENCE; Schema: public; Owner: postgres
--

ALTER TABLE public.auth_permission ALTER COLUMN id ADD GENERATED BY DEFAULT AS IDENTITY (
    SEQUENCE NAME public.auth_permission_id_seq
    START WITH 1
    INCREMENT BY 1
    NO MINVALUE
    NO MAXVALUE
    CACHE 1
);


--
-- Name: common_objectlookup; Type: TABLE; Schema: public; Owner: postgres
--

CREATE TABLE public.common_objectlookup (
    id bigint NOT NULL,
    created_at timestamp with time zone NOT NULL,
    updated_at timestamp with time zone NOT NULL,
    is_active boolean NOT NULL,
    object_type character varying NOT NULL,
    name character varying(300) NOT NULL,
    created_by_id bigint NOT NULL,
    updated_by_id bigint NOT NULL
);


ALTER TABLE public.common_objectlookup OWNER TO postgres;

--
-- Name: common_objectlookup_id_seq; Type: SEQUENCE; Schema: public; Owner: postgres
--

ALTER TABLE public.common_objectlookup ALTER COLUMN id ADD GENERATED BY DEFAULT AS IDENTITY (
    SEQUENCE NAME public.common_objectlookup_id_seq
    START WITH 1
    INCREMENT BY 1
    NO MINVALUE
    NO MAXVALUE
    CACHE 1
);


--
-- Name: django_admin_log; Type: TABLE; Schema: public; Owner: postgres
--

CREATE TABLE public.django_admin_log (
    id integer NOT NULL,
    action_time timestamp with time zone NOT NULL,
    object_id text,
    object_repr character varying(200) NOT NULL,
    action_flag smallint NOT NULL,
    change_message text NOT NULL,
    content_type_id integer,
    user_id bigint NOT NULL,
    CONSTRAINT django_admin_log_action_flag_check CHECK ((action_flag >= 0))
);


ALTER TABLE public.django_admin_log OWNER TO postgres;

--
-- Name: django_admin_log_id_seq; Type: SEQUENCE; Schema: public; Owner: postgres
--

ALTER TABLE public.django_admin_log ALTER COLUMN id ADD GENERATED BY DEFAULT AS IDENTITY (
    SEQUENCE NAME public.django_admin_log_id_seq
    START WITH 1
    INCREMENT BY 1
    NO MINVALUE
    NO MAXVALUE
    CACHE 1
);


--
-- Name: django_content_type; Type: TABLE; Schema: public; Owner: postgres
--

CREATE TABLE public.django_content_type (
    id integer NOT NULL,
    app_label character varying(100) NOT NULL,
    model character varying(100) NOT NULL
);


ALTER TABLE public.django_content_type OWNER TO postgres;

--
-- Name: django_content_type_id_seq; Type: SEQUENCE; Schema: public; Owner: postgres
--

ALTER TABLE public.django_content_type ALTER COLUMN id ADD GENERATED BY DEFAULT AS IDENTITY (
    SEQUENCE NAME public.django_content_type_id_seq
    START WITH 1
    INCREMENT BY 1
    NO MINVALUE
    NO MAXVALUE
    CACHE 1
);


--
-- Name: django_migrations; Type: TABLE; Schema: public; Owner: postgres
--

CREATE TABLE public.django_migrations (
    id bigint NOT NULL,
    app character varying(255) NOT NULL,
    name character varying(255) NOT NULL,
    applied timestamp with time zone NOT NULL
);


ALTER TABLE public.django_migrations OWNER TO postgres;

--
-- Name: django_migrations_id_seq; Type: SEQUENCE; Schema: public; Owner: postgres
--

ALTER TABLE public.django_migrations ALTER COLUMN id ADD GENERATED BY DEFAULT AS IDENTITY (
    SEQUENCE NAME public.django_migrations_id_seq
    START WITH 1
    INCREMENT BY 1
    NO MINVALUE
    NO MAXVALUE
    CACHE 1
);


--
-- Name: django_session; Type: TABLE; Schema: public; Owner: postgres
--

CREATE TABLE public.django_session (
    session_key character varying(40) NOT NULL,
    session_data text NOT NULL,
    expire_date timestamp with time zone NOT NULL
);


ALTER TABLE public.django_session OWNER TO postgres;

--
-- Name: files_document; Type: TABLE; Schema: public; Owner: postgres
--

CREATE TABLE public.files_document (
    id bigint NOT NULL,
    created_at timestamp with time zone NOT NULL,
    updated_at timestamp with time zone NOT NULL,
    is_active boolean NOT NULL,
    document character varying(200) NOT NULL,
    title character varying(200) NOT NULL,
    description text,
    primary_author character varying(50) NOT NULL,
    publish_date date NOT NULL,
    document_type character varying(50) NOT NULL,
    citation text,
    keywords character varying(100),
    created_by_id bigint NOT NULL,
    updated_by_id bigint NOT NULL
);


ALTER TABLE public.files_document OWNER TO postgres;

--
-- Name: files_document_employee_authors; Type: TABLE; Schema: public; Owner: postgres
--

CREATE TABLE public.files_document_employee_authors (
    id bigint NOT NULL,
    document_id bigint NOT NULL,
    user_id bigint NOT NULL
);


ALTER TABLE public.files_document_employee_authors OWNER TO postgres;

--
-- Name: files_document_employee_authors_id_seq; Type: SEQUENCE; Schema: public; Owner: postgres
--

ALTER TABLE public.files_document_employee_authors ALTER COLUMN id ADD GENERATED BY DEFAULT AS IDENTITY (
    SEQUENCE NAME public.files_document_employee_authors_id_seq
    START WITH 1
    INCREMENT BY 1
    NO MINVALUE
    NO MAXVALUE
    CACHE 1
);


--
-- Name: files_document_id_seq; Type: SEQUENCE; Schema: public; Owner: postgres
--

ALTER TABLE public.files_document ALTER COLUMN id ADD GENERATED BY DEFAULT AS IDENTITY (
    SEQUENCE NAME public.files_document_id_seq
    START WITH 1
    INCREMENT BY 1
    NO MINVALUE
    NO MAXVALUE
    CACHE 1
);


--
-- Name: files_image; Type: TABLE; Schema: public; Owner: postgres
--

CREATE TABLE public.files_image (
    id bigint NOT NULL,
    created_at timestamp with time zone NOT NULL,
    updated_at timestamp with time zone NOT NULL,
    is_active boolean NOT NULL,
    name character varying(300) NOT NULL,
    description text NOT NULL,
    slug character varying(200),
    photographer character varying(50) NOT NULL,
    photo_date date NOT NULL,
    source character varying(100) NOT NULL,
    image character varying(100) NOT NULL,
    created_by_id bigint NOT NULL,
    updated_by_id bigint NOT NULL
);


ALTER TABLE public.files_image OWNER TO postgres;

--
-- Name: files_image_id_seq; Type: SEQUENCE; Schema: public; Owner: postgres
--

ALTER TABLE public.files_image ALTER COLUMN id ADD GENERATED BY DEFAULT AS IDENTITY (
    SEQUENCE NAME public.files_image_id_seq
    START WITH 1
    INCREMENT BY 1
    NO MINVALUE
    NO MAXVALUE
    CACHE 1
);


--
-- Name: guardian_groupobjectpermission; Type: TABLE; Schema: public; Owner: postgres
--

CREATE TABLE public.guardian_groupobjectpermission (
    id integer NOT NULL,
    object_pk character varying(255) NOT NULL,
    content_type_id integer NOT NULL,
    group_id integer NOT NULL,
    permission_id integer NOT NULL
);


ALTER TABLE public.guardian_groupobjectpermission OWNER TO postgres;

--
-- Name: guardian_groupobjectpermission_id_seq; Type: SEQUENCE; Schema: public; Owner: postgres
--

ALTER TABLE public.guardian_groupobjectpermission ALTER COLUMN id ADD GENERATED BY DEFAULT AS IDENTITY (
    SEQUENCE NAME public.guardian_groupobjectpermission_id_seq
    START WITH 1
    INCREMENT BY 1
    NO MINVALUE
    NO MAXVALUE
    CACHE 1
);


--
-- Name: guardian_userobjectpermission; Type: TABLE; Schema: public; Owner: postgres
--

CREATE TABLE public.guardian_userobjectpermission (
    id integer NOT NULL,
    object_pk character varying(255) NOT NULL,
    content_type_id integer NOT NULL,
    permission_id integer NOT NULL,
    user_id bigint NOT NULL
);


ALTER TABLE public.guardian_userobjectpermission OWNER TO postgres;

--
-- Name: guardian_userobjectpermission_id_seq; Type: SEQUENCE; Schema: public; Owner: postgres
--

ALTER TABLE public.guardian_userobjectpermission ALTER COLUMN id ADD GENERATED BY DEFAULT AS IDENTITY (
    SEQUENCE NAME public.guardian_userobjectpermission_id_seq
    START WITH 1
    INCREMENT BY 1
    NO MINVALUE
    NO MAXVALUE
    CACHE 1
);


--
-- Data for Name: account_profile; Type: TABLE DATA; Schema: public; Owner: postgres
--

COPY public.account_profile (id, title, work_phone, mobile_phone, city, state, bio, photo, user_id) FROM stdin;
1	\N			\N	\N	\N	images/profile_default.JPG	1
20	\N			\N	\N	\N	images/profile_default.JPG	20
23	\N			\N	\N	\N	images/profile_default.JPG	23
24	\N			\N	\N	\N	images/profile_default.JPG	24
25	\N			\N	\N	\N	images/profile_default.JPG	25
26	\N			\N	\N	\N	images/profile_default.JPG	26
28	\N			\N	\N	\N	images/profile_default.JPG	28
30	\N			\N	\N	\N	images/profile_default.JPG	30
31	\N			\N	\N	\N	images/profile_default.JPG	31
32	\N			\N	\N	\N	images/profile_default.JPG	32
34	\N			\N	\N	\N	images/profile_default.JPG	34
35	\N			\N	\N	\N	images/profile_default.JPG	35
43	\N			\N	\N	\N	images/profile_default.JPG	43
48	\N			\N	\N	\N	images/profile_default.JPG	48
52	\N			\N	\N	\N	images/profile_default.JPG	52
55	\N			\N	\N	\N	images/profile_default.JPG	55
56	\N			\N	\N	\N	images/profile_default.JPG	56
57	\N			\N	\N	\N	images/profile_default.JPG	57
60	\N			\N	\N	\N	images/profile_default.JPG	60
61	\N			\N	\N	\N	images/profile_default.JPG	61
62	\N			\N	\N	\N	images/profile_default.JPG	62
13	Administrative Assistant			Lapwai	Idaho		images/profile_default.JPG	13
63	Project Leader			McCall	Idaho		images/profile/100_0905.JPG	63
18	Administrative Specialist II			Joseph	Oregon		images/profile/jodyConner.png	18
29	Technician II	+12086345290		Mccall	ID	I have worked on the Johnson Creek project for over 15 years.	images/profile/IMGP2198.JPG	29
6	Program Manager			Lapwai	Idaho		images/profile_default.JPG	6
7	Deputy Program Manager			Lapwai	Idaho		images/profile_default.JPG	7
12	Production Deputy Director			Lapwai	Idaho		images/profile_default.JPG	12
9	Chief Conservation Enforcement			Lapwai	Idaho		images/profile_default.JPG	9
37	Fisheries Biologist	+12086345290		McCall	Idaho	I like to spend my time driving to Big Creek to perform a three minute download from a temperature logger.	images/profile/P7210216.JPG	37
71	Watershed Monitoring & Evaluation Project Manager	+12086213550		Lapwai	ID	<p>Clint performed environmental assessments throughout the western U.S. for several state and federal agencies before settling in Idaho in 1999 to conduct fish and habitat monitoring with the Nez Perce Tribe.</p>	images/profile/Profile_Pic_2.jpg	71
38	Deputy Program Manager			\N	\N		images/profile_default.JPG	38
14	Watershed Division Director			Lapwai	Idaho		images/profile_default.JPG	14
15	Watershed Deputy Director			Lapwai	Idaho		images/profile_default.JPG	15
74	Project Leader			\N	\N		images/profile_default.JPG	74
19	Project Leader			Orofino	Idaho		images/profile_default.JPG	19
50	Fisheries Biologist			McCall	Idaho		images/profile/100_0904.JPG	50
11	Production Division Director			Lewiston	Idaho		images/profile_default.JPG	11
22	Project Leader	+15414322501	+15414268111	Joseph	Oregon	<p>Ryan Kinzer would LOVE to work in the Joseph Field Office. Unfortuately, Ryan doesn’t have what it takes to excel in Joseph. Therefore, he has been forever exiled to languish at the McCall Field Office.</p>	images/profile/y0p39qm5.png	22
8	Harvest Deputy Director			Lapwai	Idaho		images/profile_default.JPG	8
27	Project Leader	+12086345290		McCall	Idaho		images/profile/IMG_3377.jpg	27
16	Administrative Assistant			Lapwai	Idaho		images/profile_default.JPG	16
17	Research Biologist			Joseph	Oregon		images/profile_default.JPG	17
51	Hatchery Evaluations Coordinator	+12084762240	+12086304596	Dworshak National Fish Hatchery, Orofino	ID		images/profile/fchnk_pic_2023.jpeg	51
33	Administrative Assistant			Lapwai	Idaho		images/profile_default.JPG	33
36	Director of Biological Services			Lewiston	Idaho		images/profile_default.JPG	36
46	Fisheries Biologist			Joseph	Oregon		images/profile_default.JPG	46
39	Fisheries Biologist			Orofino	Idaho		images/profile_default.JPG	39
41	Fisheries Biologist			Orofino	Idaho		images/profile_default.JPG	41
40	Administrative Assistant			Orofino	Idaho		images/profile_default.JPG	40
42	Fisheries Biologist			Lapwai	Idaho		images/profile_default.JPG	42
53	Project Leader	+15414322508		Joseph	Oregon		images/profile/Shane_WallowaLake_2020.jpg	53
45	Fisheries Biologist			Orofino	Idaho		images/profile_default.JPG	45
47	Fisheries Biologist			Joseph	Oregon		images/profile_default.JPG	47
59	Fisheries Biologist			Joseph	Oregon		images/profile_default.JPG	59
58	Fisheries Biologist			Orofino	Idaho		images/profile_default.JPG	58
54	Fisheries Biologist			Joseph	Oregon		images/profile_default.JPG	54
64	\N			\N	\N	\N	images/profile_default.JPG	64
65	\N			\N	\N	\N	images/profile_default.JPG	65
67	\N			\N	\N	\N	images/profile_default.JPG	67
68	\N			\N	\N	\N	images/profile_default.JPG	68
70	\N			\N	\N	\N	images/profile_default.JPG	70
73	\N			\N	\N	\N	images/profile_default.JPG	73
75	\N			\N	\N	\N	images/profile_default.JPG	75
77	\N			\N	\N	\N	images/profile_default.JPG	77
78	\N			\N	\N	\N	images/profile_default.JPG	78
2	Fisheries Data Analysis Coordinator	+12086345290	+12086303750	Mccall	Idaho	Examines data, creates models, and hopefully, answers questions.	images/profile/main_salmon_2_sHQi02P.jpg	2
79	\N			\N	\N	\N	images/profile_default.JPG	79
80	\N			\N	\N	\N	images/profile_default.JPG	80
69	McCall Watershed Project Leader	+12086343031		McCall	ID	Wesley Keller has been employed with the Nez Perce Tribe since 2005 and with the Watershed Division since 2011.  Wes oversees watershed restoration in the South Fork of the Salmon River, Big Creek and Little Salmon watersheds.  The goal of this watershed restoration is to recover fisheries that have been impacted by anthropogenic disturbances.	images/profile/wes_steering_committee.jpg	69
85	\N			\N	\N	\N	images/profile_default.JPG	85
86	\N			\N	\N	\N	images/profile_default.JPG	86
10	Research Division Director	+12086213602		Sweetwater Research Office	Idaho	If we knew what it was we were doing, it would not be called research, would it?\n\nAlbert Einstein	images/profile/vogel2222.png	10
82	\N			\N	\N	\N	images/profile_default.JPG	82
81	Watershed Restoration Specialist II						images/profile_default.JPG	81
83	\N			\N	\N	\N	images/profile_default.JPG	83
84	\N			\N	\N	\N	images/profile_default.JPG	84
44	Project Leader	+12086345290	+12083152515	McCall	ID	Craig Rabe is a project leader with the Nez Perce Tribe Department of Fisheries Resources Management, Research Division.  Craig works out of the McCall, Idaho field office, which he has called home since 2005.  He received his BS and MS from the University of Idaho and enjoys spending time with his family, hunting, fishing, camping, skiing, and boating.	images/profile/Chairlift_Selfie.2.png	44
4	Project Leader/Data Administrator	+12086213549		Sweetwater	Idaho	Dedicated to the conservation and preservation of fisheries resources managed by the Nez Perce Tribe.	images/profile/YubaR_steelie.jpg	4
5	Data Management Biologist I	+12086214717		Lapwai	Idaho	<p>Samantha has been the Data Management Biologist for DFRM Research since 2019 but has been with DFRM since being hired as an Fisheries Intern Aid-II in 2011. She is responsible for meeting data management needs within DFRM in collaboration with the data management project leader. Support ranges from computer purchasing, Office 365 guidance, CDMS needs, to electronic data capture forms with Survey123.</p>	images/profile/Untitled.png	5
3	Research Evaluations Biologist	+12086435290	+12086341234	Lapwai	Idaho	Contrary to popular belief, Lorem Ipsum is not simply random text. It has roots in a piece of classical Latin literature from 45 BC, making it over 2000 years old. Richard McClintock, a Latin professor at Hampden-Sydney College in Virginia, looked up one of the more obscure Latin words, consectetur, from a Lorem Ipsum passage, and going through the cites of the word in classical literature, discovered the undoubtable source. Lorem Ipsum comes from sections 1.10.32 and 1.10.33 of "de Finibus Bonorum et Malorum" (The Extremes of Good and Evil) by Cicero, written in 45 BC. This book is a treatise on the theory of ethics, very popular during the Renaissance. The first line of Lorem Ipsum, "Lorem ipsum dolor sit amet..", comes from a line in section 1.10.32	images/profile/ts_profile_iUY1CD9.jpg	3
21	Project Leader	+12086213572		Orofino	Idaho	<p>I began my career in fisheries working at the McCall Fish Hatchery, in McCall, Idaho. I became involved in fisheries research when I began working for the Nez Perce Tribe’s Idaho Salmon Supplementation Studies in Orofino, Idaho. The research projects I’ve managed in the past for the Nez Perce Tribe are the Imnaha River Smolt Monitoring Program, the Grande Ronde Supplementation Monitoring and Evaluation Project, the Fall Chinook Salmon Fidelity and Fallback Project, and the B-Run Steelhead Supplementation Project. I am currently managing the Snake Basin Steelhead Assessments Project.</p>	images/profile/Screenshot_2024-01-23_132131.png	21
87	\N			\N	\N	\N	images/profile_default.JPG	87
76	Lolo Creek & Selway River Project Manager	+12086213545		Lapwai	Idaho	<p>Justin Peterson has been employed with the Nez Perce Tribe DFRM Watershed Division since 2005.  Justin oversees watershed restoration in the Lolo Creek and Selway River watersheds. The goal of this project is to restore watershed processes and to recover fisheries that have been impacted by anthropogenic disturbances.</p>	images/profile/IMG_3717_-_For_distribution.jpg	76
96	\N			\N	\N	\N	images/profile_default.JPG	96
88	\N			\N	\N	\N	images/profile_default.JPG	88
89	\N			\N	\N	\N	images/profile_default.JPG	89
97	\N			\N	\N	\N	images/profile_default.JPG	97
72	Lapwai Creek Watershed Project Manager	+12086214728		Sweetwater	Idaho	<p>Shawn has worked for the Nez Perce Tribe Department of Fisheries Resources Management Watershed Division for ten years. He began working for Watershed in 2014 as an AEM crew lead for Clint Chandler’s Habitat RM&amp;E project. Shortly after, Shawn moved to the Protect and Restore Lochsa River Project where he led multiple crews on the front and back country invasive species program. Shawn also worked on road decommissioning projects, AOP replacements, and other restoration projects in the Lochsa Watershed. In September of 2022, Shawn moved to the Protect and Restore Lapwai Creek Project and has served as Project Manager since that time.</p>	images/profile/Picture.jpg	72
91	\N			\N	\N	\N	images/profile_default.JPG	91
66	South Fork Clearwater River/ Slate Creek Project Manager	+12086213547		Lapwai	Idaho	<p>Miranda Gordon has been employed with the Nez Perce Tribe Fisheries Watershed Division since 2006. Miranda manages the watershed restoration in the South Fork Clearwater and Slate Creek watersheds. The goal of this project is to restore the aquatic ecosystems in these watersheds so that the physical habitat no longer limits recovery of steelhead and Chinook salmon populations.</p>	images/profile/IMG_E6599.JPG	66
90	\N			\N	\N	\N	images/profile/IMG_8486.jpeg	90
49	Fisheries Biologist	+15414322503	+15413988083	Joseph	Oregon	<p>IPTDS O&amp;M project since 2010.  The project geographically spans the Nez Perce Tribe ceded territory from the Treaty of 1855.  Currently 33 PIT tag array systems to operate and maintain with several small PIT tag arrays within in other NPT projects to overlook.  As an undergraduate fisheries student at the University of Idaho I was blessed to meet a tribal member who shared Nez Perce culture.  The sweat house opened my mind to spirituality in a new way.  After researching the Nez Perce Tribe through many historical novels, my professional fisheries research desire was to work for the Nimiipuu people and help them restore Chinook Salmon and steelhead. Once I completed my Bachelors of Science Fisheries Resource Management degree at the University of Idaho in 1999, I began interviewing for Nez Perce Tribe entry level positions in fisheries.  Was successfully hired in 2000 as a temporary Technician I for the smolt monitoring project on the Imnaha River .  Promoted to a full time Technician II in the next year allowed me to move to Joseph’s country.  A fisheries career with Nez Perce Tribe Fisheries Resource Management has been a privilege and rewarding beyond imagination.</p>	images/profile/Cam4.jpg	49
98	\N			\N	\N	\N	images/profile_default.JPG	98
92	\N			\N	\N	\N	images/profile_default.JPG	92
93	\N			\N	\N	\N	images/profile_default.JPG	93
94	\N			\N	\N	\N	images/profile_default.JPG	94
95	\N			\N	\N	\N	images/profile_default.JPG	95
\.


--
-- Data for Name: account_user; Type: TABLE DATA; Schema: public; Owner: postgres
--

COPY public.account_user (id, password, last_login, is_superuser, is_staff, is_active, date_joined, first_name, last_name, email, role) FROM stdin;
1	!iTTBHFIICJSzXqhsindHsxKz16A6VFyC36GvdUXA	\N	f	f	t	2023-10-03 13:25:53.617023-07			AnonymousUser	6
4	pbkdf2_sha256$600000$oGX6L1CKAXBxmAuMobcuBl$5FyA8HANGqkWJXzTpNGImHRkDiH3w2rpOwIbb95B3X8=	\N	f	t	t	2023-10-03 13:30:53.708626-07	Clark	Watry	clarkw@nezperce.org	1
5	pbkdf2_sha256$600000$2Ylqh5OtfcidVT24GkpkhQ$zG0ngwmLUdi/6TbvozdPqskJFfYB4QNdTVIe8WdoUGY=	\N	f	t	t	2023-10-03 13:30:53.708626-07	Samantha	Smith	samanthas@nezperce.org	1
6	pbkdf2_sha256$600000$RRuWSErhbbZ2qTM21YPLx6$4JOdZ9rw58P8CQZonY6t2epiFn3YL0EiSNR5A0xiWkc=	\N	f	f	t	2023-10-03 13:30:53.708626-07	Dave	Johnson	davej@nezperce.org	2
7	pbkdf2_sha256$600000$s1ZsBzpNW1276MKFXPowIO$i+vuN9wcKfVp5p9TKAkff8zzUU1OL+GcIBYhB6ZRRfo=	\N	f	f	t	2023-10-03 13:30:53.708626-07	Joe	Oatman	joeo@nezperce.org	2
8	pbkdf2_sha256$600000$3vicHLRH8C0pgHFfDk0rOn$rwt6cL+jk0wftawLaNXHx7ok3T6NmmgqmPJEYLeA9uM=	\N	f	f	t	2023-10-03 13:30:53.708626-07	Jack	Yearout	jacky@nezperce.org	2
9	pbkdf2_sha256$600000$1Vv77aEND0OcvjFkmU9YJX$QrCoHY3/XGekQB3rc4FGngmaUwsnjAldrvbY9QSZ7eg=	\N	f	f	t	2023-10-03 13:30:53.708626-07	Adam	Villavicencio	adamv@nezperce.org	2
11	pbkdf2_sha256$600000$ZzEaxlIcC8wZQqCsUdEXAO$6k52rlzCv2lPf5qrYMUTw9lg4D1cL7oFv5c3amVVYnM=	\N	f	f	t	2023-10-03 13:30:53.708626-07	Becky	Johnson	beckyj@nezperce.org	2
12	pbkdf2_sha256$600000$GmSxutq7z5p47n0hrV2PWz$FAXqInNGvhqLv6dSPQCVzpLfUvU4yAYaPwoKyJzIOUU=	\N	f	f	t	2023-10-03 13:30:53.708626-07	Mike	Tuell	miket@nezperce.org	2
13	pbkdf2_sha256$600000$PCQcYQgHMVbHU1wzOOFPFk$mNLjRaqInkvWQ7JNRqDXeJxFpFBbhE7JzEwxRAsce6w=	\N	f	f	t	2023-10-03 13:30:53.708626-07	Sandra	Islas	sandrai@nezperce.org	2
14	pbkdf2_sha256$600000$SLiDipuGNyAXNW8TGM7WUg$BYsCs+it8E7l0jKziaZJgSPrI7psg4d6ux9ZUtKy08U=	\N	f	f	t	2023-10-03 13:30:53.708626-07	Emmit	Taylor	emmitt@nezperce.org	2
15	pbkdf2_sha256$600000$acBQXNg3mM7ImKapfEFHGk$t9bwAQPfnBgXkCDnd42VDuUT9WhoBxOkeSkvs5qx/sw=	\N	f	f	t	2023-10-03 13:30:53.708626-07	Marcie	Carter	marciec@nezperce.org	2
16	pbkdf2_sha256$600000$8ipBcvEBNXkxbsUNQgsz1I$8SGxtqLnR88tu9a32xuoiQl6Jr/2xuGGoppXpUn+7xA=	\N	f	f	t	2023-10-03 13:30:53.708626-07	Ermie	Whitman	ermiew@nezperce.org	2
17	pbkdf2_sha256$600000$lWmDNGw4eI7qoJsx3q8dQM$wHMYOQUNFyP5w2Qd6zGR+n18qUvCnP9PMq4qyXUeHP0=	\N	f	f	t	2023-10-03 13:30:53.708626-07	Lora	Tennant	lorat@nezperce.org	4
18	pbkdf2_sha256$600000$aDfnEDwFYJFtJj9bjdPymm$2i1laLMgS5MUqpRcvxHn+Lhtu3UJs+dayNdhyBQcHM8=	\N	f	f	t	2023-10-03 13:30:53.708626-07	Jody	Conner	jodyc@nezperce.org	2
19	pbkdf2_sha256$600000$yvCZ31oBxzDVUlfhwxXPKa$x2WUVjsYgCuJnz7NVwzeASfI9J13ln5b8SCn6mbc4BU=	\N	f	f	t	2023-10-03 13:30:53-07	Billy	Arnsberg	billa@nezperce.org	3
20	pbkdf2_sha256$600000$WXc5FIj3CssGQPZkX8P5JJ$Y2iwa7poygft0FT2T2MolRCY8CgSBWzbwXKx6UfJf74=	\N	f	f	t	2023-10-03 13:30:53.708626-07	Bailey	Peters	baileyp@nezperce.org	5
3	pbkdf2_sha256$600000$EPV8yJiS8jjFu2sYWRwx4b$18t/Mch6YTOaOZskG3D0EybKWCHAdEPdTk2kLvNLPes=	2024-05-15 09:21:46.228066-07	t	t	t	2023-10-03 13:28:59-07	Tyler	Stright	tylers@nezperce.org	1
23	pbkdf2_sha256$600000$HEHoakDNT7jUXPO7juOlfN$T0alhAlRwT960NWJhpFv/U3BCqBLigE3gCYfwW1zF1s=	\N	f	f	t	2023-10-03 13:30:53.708626-07	Douglas	Jackson	douglasj@nezperce.org	5
24	pbkdf2_sha256$600000$g5hDmSekhN5mf8qERypcZF$7aBu4VzPc/cKVGWq99wThJYB9cy4NB+Lh1FWN/jL9YI=	\N	f	f	t	2023-10-03 13:30:53.708626-07	Marcelle	Bourgeau	marcelleb@nezperce.org	5
25	pbkdf2_sha256$600000$YhWSN4UJS9Zid8LrAvQHPS$w+MqWjBjCP+khVqDNGbOiJXEcJlU7FQGqCvcfgsKTcY=	\N	f	f	t	2023-10-03 13:30:53.708626-07	Aaron	Alfrey	aarona@nezperce.org	5
26	pbkdf2_sha256$600000$wH0iAXeyiZA8sikNtP81nv$FewbjYb8Gt4xKH/T9oGh2t/IKUmc24O79keuVkdfduQ=	\N	f	f	t	2023-10-03 13:30:53.708626-07	Angela	Carver	angelac@nezperce.org	5
27	pbkdf2_sha256$600000$dGMuxfNxcOtDtQ88o8hiJI$yQKLYMvAXRi+rBPyGF7HJSMaeQTgd3tdl4MV5WoKWe4=	\N	f	f	t	2023-10-03 13:30:53-07	Mike	Ackerman	mikea@nezperce.org	3
28	pbkdf2_sha256$600000$5LDF578AfC5DKK1ca8STt0$9DjeZa+9ijHFi7Hpit7HPlIyow11InoNHDVv+rehKR8=	\N	f	f	t	2023-10-03 13:30:53.708626-07	Redheart	Powaukee	redheartp@nezperce.org	5
29	pbkdf2_sha256$600000$TU6rVbQ70J75NiJqbZ2uID$z2t+3zznG5LEG7pOph1O8QfqUql9VrhkXFUXZJAOBEg=	\N	f	f	t	2023-10-03 13:30:53.708626-07	Mark	Maze	markm@nezperce.org	5
30	pbkdf2_sha256$600000$PFgWyiM23qq5203Yd973jZ$Rd4cKMAJBelwt6+ajUcnXggxQbF6kr1/BMsGVSGZ51M=	\N	f	f	t	2023-10-03 13:30:53.708626-07	Markley	Pishl	markleyp@nezperce.org	5
31	pbkdf2_sha256$600000$86ShGhhXGJ9meEErg82Xje$IVWGybeTHxuvDIvJaylMKbtu0iHM4CojIS8engeDpMg=	\N	f	f	t	2023-10-03 13:30:53.708626-07	Ricardo	Rodriguez	ricardor@nezperce.org	5
10	pbkdf2_sha256$600000$2dzUx7fmkR1C9npsCJbh5x$SZcKz1hQHts/ACEnXlv0mozLBiIzrQqe2T72JbOxFig=	\N	f	f	t	2023-10-03 13:30:53.708626-07	Jason	Vogel	jasonv@nezperce.org	2
33	pbkdf2_sha256$600000$OWWcySg09eUNKClOjBfam8$yxnck8IymyyXMz8Vh6MXHnjUJKC8NQzWDOmW7GMy4CQ=	\N	f	f	t	2023-10-03 13:30:53.708626-07	Paulette	Smith	paulettes@nezperce.org	2
34	pbkdf2_sha256$600000$D0HIErKZ5EpYsJftjW68FP$XMeL7gpVXBOxK6SirNZ2JhbDbiwwK/6qkUl27GtAxsg=	\N	f	f	t	2023-10-03 13:30:53.708626-07	Sherman	Sprague	shermans@nezperce.org	3
35	pbkdf2_sha256$600000$nk2tnOqDVuG6RUbN1pWuhw$5QvyfLIy7AHilbk1OIEJQFDE6+mBp4UPaQXGoykrqAE=	\N	f	f	t	2023-10-03 13:30:53.708626-07	Michael	Tobler	michaelt@nezperce.org	5
36	pbkdf2_sha256$600000$QbgKbUZNksRUwUcZwsBxIV$8rKp/9mCE9rhnibijXqkXOFl8JO9hcKsYeI7uoAAMm0=	\N	f	f	t	2023-10-03 13:30:53.708626-07	Jay	Hesse	jayh@nezperce.org	2
37	pbkdf2_sha256$600000$Cysppwr9skoV398rCxYKdK$FBdUz/vnh+7bf3Ya8/57bGpLP+S3J6b20cmac1Ot6o8=	\N	f	f	t	2023-10-03 13:30:53.708626-07	Travis	Hodsdon	travish@nezperce.org	4
38	pbkdf2_sha256$600000$bLttzKVUApyalJ41fbzUkO$biKxVQTfUBmtVi186Vgfl2apXG1EV5WmLA8pDxA0gZ4=	\N	f	f	t	2023-10-03 13:30:53.708626-07	Jay	Oatman	jayo@nezperce.org	5
39	pbkdf2_sha256$600000$mKguqTTd99M0QItKAqiUl5$kWBYFtbz2+61HoyFeZWxtTRHFX0DpY3EGt0wGwzgh0Q=	\N	f	f	t	2023-10-03 13:30:53.708626-07	Michael	Kosinski	michaelk@nezperce.org	4
40	pbkdf2_sha256$600000$mGJCInr9YaJ52wNy0jxyZL$+mHXRNt83sXlRTedmNCFCCeZPRb9unvP6OA+m5fa8ec=	\N	f	f	t	2023-10-03 13:30:53.708626-07	Christine	Nahsonhoya	christinen@nezperce.org	2
41	pbkdf2_sha256$600000$b6Z4G2HuHBiTnwAn69fLvZ$NI3sXTyurb78fq/ZIabEiNBpCJZizNOPNYALu7So180=	\N	f	f	t	2023-10-03 13:30:53.708626-07	Morgan	Sublett	morgans@nezperce.org	4
42	pbkdf2_sha256$600000$Rh2zcEUVmgbOmjBADiiRmA$/h+cLiRdWVgYgzsF2wL9yee2NWjwZEOFJtgGuuPpXws=	\N	f	f	t	2023-10-03 13:30:53.708626-07	Anthony	Capetillo	anthonyc@nezperce.org	4
32	pbkdf2_sha256$600000$GFIeebrrVXylSOLmc2tOlA$USpfElV/IE45Xf9wi5IpCqbzbEtMJQxstKty4mYLqQo=	\N	f	f	t	2023-10-03 13:30:53-07	John	Reynolds	jreynolds@nezperce.org	5
21	pbkdf2_sha256$600000$pZMBPrS577GwB3AaqI7ffo$XohmOQ17acTltseRFUC0z3jbfcQ1uLDDVxn+ElB+rhc=	\N	f	f	t	2023-10-03 13:30:53.708626-07	Peter	Cleary	peterc@nezperce.org	3
22	pbkdf2_sha256$600000$rwSr7vmPUU1tX2c43NU9ry$Nd7efCHQ1+4km3wVTmTVdATFEwiMIYheMswgtU2RetY=	\N	f	f	t	2023-10-03 13:30:53-07	James	Harbeck	jimh@nezperce.org	3
43	pbkdf2_sha256$600000$6CKpQHVx6Y2DQ6nfxDY2vG$SBZsDB2QnVJI9UYaPTBPwZ7KevHj5pytmc59mVaAxvc=	\N	f	f	t	2023-10-03 13:30:53.708626-07	John	Byrne	johnb@nezperce.org	5
44	pbkdf2_sha256$600000$Kw0ziA7xeksVTuRGaBCr93$BE9vM2xv7IK0vkIdQ2eAPvonuLV/kcq4vs8NI5Okku4=	\N	f	f	t	2023-10-03 13:30:53.708626-07	Craig	Rabe	craigr@nezperce.org	3
45	pbkdf2_sha256$600000$nTtEAm4E59VM9pdkjx5Xhv$GK6vMBspYup+bISYSIAtXrvZwmSBSshojSzE8C1/uvg=	\N	f	f	t	2023-10-03 13:30:53.708626-07	Drew	Wickard	dreww@nezperce.org	4
46	pbkdf2_sha256$600000$0ZM2XWu7k6Qy0nGMcbdyR7$rA+4zRe8faUow4p//3IfJS5hC8iCjRl35qM6Db6JKW8=	\N	f	f	t	2023-10-03 13:30:53.708626-07	Brian	Simmons	brians@nezperce.org	4
47	pbkdf2_sha256$600000$LF611Ke6y0Hadgr3EURiMH$mktr/lSBHf1LTSFrHLR9q77kb0gdkcpeeM39zFTzQqQ=	\N	f	f	t	2023-10-03 13:30:53.708626-07	Neal	Espinosa	neale@nezperce.org	4
48	pbkdf2_sha256$600000$Ur7hWkxZhh9kofPHLSJzLj$KC86lb1RDuKrg4/oGK4jSry+X2ii9RdZck9Z3/6Pv+E=	\N	f	f	t	2023-10-03 13:30:53.708626-07	Lynne	Nielsen Price	lynnen@nezperce.org	5
49	pbkdf2_sha256$600000$y2TfP7Qbkl46hssf5ZuGFS$X2UrSDMlrDuz5FjQvaQ5MxsZpVbiRN+usZo0ZpzpexQ=	\N	f	f	t	2023-10-03 13:30:53.708626-07	Cameron	Albee	camerona@nezperce.org	4
50	pbkdf2_sha256$600000$V5XZ9fH5IJUE6fFTWsL6dl$d+UpfxOzg8xgYySjEKj+ljz3Eech22Ht1RO9ZBDMU2M=	\N	f	f	t	2023-10-03 13:30:53.708626-07	Douglas	Nelson	douglasn@nezperce.org	4
52	pbkdf2_sha256$600000$C2RekI6TlblhudrzOxb7Cs$npSqVSIC/iqGP/7PI+MvjntSLTE5mSXRB7Y2rmjSXb8=	\N	f	f	t	2023-10-03 13:30:53.708626-07	Lonnie	Bisbee	lonnieb@nezperce.org	5
2	pbkdf2_sha256$600000$zlRPsGibQljj4248noBeC7$m0NNeQ0JglIsfCDr8OFnN0bVZ4zyk88nj4MH+rtvXek=	2024-01-25 14:55:06.049789-08	t	t	t	2023-10-03 13:27:42-07	Ryan	Kinzer	ryank@nezperce.org	1
54	pbkdf2_sha256$600000$bexgjl9SiwjRQBYTyfJxwJ$/E+wTFeKNOPTFsq/IsTqnYkOx67SUxkcw2Ch/lT5iZ4=	\N	f	f	t	2023-10-03 13:30:53.708626-07	Ryan	Rumelhart	ryanr@nezperce.org	4
55	pbkdf2_sha256$600000$9T6xUMgB4c20SomQFqPUP8$a11sbWhcvwtKQeS2vh0HrC3USaK1H8G2PLnzs+81CRo=	\N	f	f	t	2023-10-03 13:30:53.708626-07	Timothy	Norman	timothyn@nezperce.org	5
56	pbkdf2_sha256$600000$gIUl1MSwhyGwOOFEVAiePD$DK7KEhAhj6c8pXSnt8X11NaIkmU5Lbz8rwbg1TwiD7E=	\N	f	f	t	2023-10-03 13:30:53.708626-07	Jonathan	Rombach	jonathanr@nezperce.org	5
57	pbkdf2_sha256$600000$1zNUho9Jw7TvXgCyKBm3qo$sJ+BJHJFh3Ixcjj380am1MmZoPes+YYXe2kn8WdBGDo=	\N	f	f	t	2023-10-03 13:30:53.708626-07	Esai	Moses	esaim@nezperce.org	5
58	pbkdf2_sha256$600000$7cziDwW80bTk6sPRU225GM$S76tuLfKjYJHcMzqL4LQTsutnBVydJwhCMyxqcDgIGM=	\N	f	f	t	2023-10-03 13:30:53.708626-07	Frederick	Haberman	frederickh@nezperce.org	4
76	pbkdf2_sha256$600000$qrIDOGtyDCCc4AiFCoAyHP$oZCCjEk4Z9vIibDHKwtf2LxPLVbypCl3vAaU2Y30KuY=	\N	f	f	t	2023-10-12 08:16:15.647403-07	Justin	Peterson	justinp@nezperce.org	3
60	pbkdf2_sha256$600000$iaFGVCNmSMlpP3b6HfKO80$37Sv13S3p9FUwi1d8obcupaKdA1JeQhIsKulm8fWQro=	\N	f	f	t	2023-10-03 13:30:53.708626-07	Granger	Arnsberg	grangera@nezperce.org	5
61	pbkdf2_sha256$600000$qWNAIOhvOT4CjcyW2PUd0u$GIt8Gh5hxd/Nm9FT3oV7wDWMSPWyTz7TUY5DwHckN3c=	\N	f	f	t	2023-10-03 13:30:53.708626-07	Joseph	McCormack	josephm@nezperce.org	5
62	pbkdf2_sha256$600000$cqO33lkkrySqikWSjt2RgU$x6U0wGkHYniq4LEbX3AKK/fPZcVpJu6e6vFzOx4/BZU=	\N	f	f	t	2023-10-03 13:30:53.708626-07	William	Jackson	williamj@nezperce.org	5
77	pbkdf2_sha256$600000$j6nsAI6NzmrbpJEZx52meC$j6D8Zt3ViPb3yBpW3TW/8lHK5CYD6jmEjgLSVhdaN6w=	\N	f	f	t	2023-10-12 08:16:47.260924-07	Tod	Sween	tods@nezperce.org	3
78	pbkdf2_sha256$600000$2HaindFggLNF2M7dSHC9e7$Y9Yl+z6nyP13x8AVy6awKCZdFblKYaJZYUnyeD7+AD4=	\N	f	f	t	2023-10-12 08:17:44.782048-07	Scott	Kellar	scottk@nezperce.org	3
63	pbkdf2_sha256$600000$rwnhLWN0fu3oPymYZ6YfJy$Of5Bc9TloM0RZC9XYXi/0KGBWtZFF5IzfviF51dnv30=	\N	f	f	t	2023-10-03 13:51:07.207502-07	John	Gebhards	johng@nezperce.org	3
53	pbkdf2_sha256$600000$tQq0pOuf7XQFvs77IAdOLA$gzNIk41myMI0Pb9cI7MnyZIvROaeNR4Obn+lgzwD5FM=	\N	f	f	t	2023-10-03 13:30:53.708626-07	Shane	Vatland	shanev@nezperce.org	3
64	pbkdf2_sha256$600000$Za9ds3YXvI8GrNk0VhFR3m$D60l+QiKfhzyGYzW+HLBhGl/SoTJ2mM8gdhZuXjmV9Q=	\N	f	f	t	2023-10-12 07:47:11.611054-07	Michael	Bisbee	michaelb@nezperce.org	3
65	pbkdf2_sha256$600000$strQfFyVbyNK27RHhep2UO$P5sKiH1OWjFfytrlyWj6+OJoWrIloR6ANLsAP3Y2B/E=	\N	f	f	t	2023-10-12 08:03:43.379177-07	Jenifer	Harris	jeniferh@nezperce.org	3
66	pbkdf2_sha256$600000$DnPJsmUTQJv4zDmBpJIOQA$OenSH1yBuu1+vvqI84wP0whJA3g4ozIBraGgYjK87Cw=	\N	f	f	t	2023-10-12 08:04:32.166811-07	Miranda	Gordon	mirandag@nezperce.org	3
67	pbkdf2_sha256$600000$Jh0JaOyAXaeja4f6bzISKF$JxF5qHzO9IsZLYjQUh2v+DU0DAihGJDmgVxgc4t5+3U=	\N	f	f	t	2023-10-12 08:05:39.331749-07	David	Forestieri	dforestieri@nezperce.org	3
68	pbkdf2_sha256$600000$xD04VkqiemPHjCQU2Izfbz$j2eqXsExc4UXn94H4Ncrf7Ll8ELKmI/XK/F36seOppQ=	\N	f	f	t	2023-10-12 08:06:40.50685-07	Kathryn	Frenyea	kathrynf@nezperce.org	3
69	pbkdf2_sha256$600000$3sFrqwlAuBT4hUSJeeEpqJ$oT3E3wNLA7qr7C1i90fR/eMgK+OVuOUueYqg94C37tw=	\N	f	f	t	2023-10-12 08:08:02.268259-07	Wesley	Keller	wesleyk@nezperce.org	3
59	pbkdf2_sha256$600000$hLPmehk6vvEZ5nbhnIBKDk$IHPVe+6ORt2kCcEEx7KwLuyFmaWUrHSi2LsHH2PIVNw=	\N	f	f	t	2023-10-03 13:30:53-07	Collin	Hendricks	collinh@nezperce.org	4
70	pbkdf2_sha256$600000$Chey2HvD0cof9v92QTOKv5$afCVOutKCwjeEbwG1XFNdL7uF3SqElbGGZ3G5w/UgGg=	\N	f	f	t	2023-10-12 08:10:36.713644-07	Stephanie	Bransford	stephanieb@nezperce.org	3
71	pbkdf2_sha256$600000$HBTow1fF7KWIy4JMZAv3ze$/1u/tRB39Knlf0AGehI7wgfxj+we1XKtPbmbO6y7ens=	\N	f	f	t	2023-10-12 08:11:28.469522-07	Clint	Chandler	clintc@nezperce.org	3
74	pbkdf2_sha256$600000$m4eIEza8D2e16ojB2vyReY$HfhVm5HkCGYFvzVzGxts919jwMLY9cy8oWdqi97g6Jk=	\N	f	f	t	2023-10-12 08:14:25.155724-07	Rick	Zollman	rickz@nezperce.org	3
75	pbkdf2_sha256$600000$78s4WdgsGVbj1c26wFfvWZ$zyWFlWYpPBFPv24H0OD/+2w8JJeLPAA/pvlYdQJbcoA=	\N	f	f	t	2023-10-12 08:15:40.323988-07	Robert	Hills III	bobbyh@nezperce.org	3
79	pbkdf2_sha256$600000$QQSd7o2hdxT1wjIyAn74Eu$RAWV23eWmqCiEO1mN+dwXCGywaFxBdn39y009fV9TS0=	\N	f	f	t	2023-10-12 09:13:59.70194-07	Kent	Hills	kenth@nezperce.org	3
80	pbkdf2_sha256$600000$iidaBoGNpDc4NrqpEja7aQ$JAGKKTpXgaCrBXWM24jbw5EqA4/sgKOretP8Fy5teiI=	\N	f	f	t	2023-10-12 09:35:01.121172-07	John	Robbins	johnr@nezperce.org	4
81	pbkdf2_sha256$600000$fZfO5lxMZsLJqROfnoiTzF$tFPcsf2iI2me007kfH09ZxBNe6kdNBMkea39oQjtm9s=	\N	f	f	t	2023-11-15 12:18:50.808836-08	Keisha	Miller	keisham@nezperce.org	3
82	pbkdf2_sha256$600000$8ygqtwdVtqQMge2iM1gB6e$f2wfd8a0cSaUB4qujf/mxd27aNF2IduVoL8zkZd6PXU=	\N	f	f	t	2023-11-16 10:21:40.387947-08	Dale	Brown	dbrown@nezperce.org	4
83	pbkdf2_sha256$600000$e0gvDlvqKEPy4oeXGEHgV0$5U9fJu/ZjE89WA4K3M9Mf/sXffhLb+HNw987uSGmrAA=	\N	f	f	t	2023-11-16 10:22:50.878553-08	Johanna	Stangland	johannas@nezperce.org	4
72	pbkdf2_sha256$600000$hgmVMuLvEYw9uk2eRoTJgQ$SPFFAY0pA+m9iA92yEplDbdOACSZizTvOp2g50la7bQ=	\N	f	f	t	2023-10-12 08:12:35.445446-07	Shawn	Kaschmitter	shawnk@nezperce.org	3
51	pbkdf2_sha256$600000$2bkMvcl4RBJGLPmIJedgsT$VJ1mtsfn1taRFdH1o65p3mi7ERTxUGgQgdj8UHjQ1Wo=	\N	f	f	t	2023-10-03 13:30:53-07	William	Young	billy@nezperce.org	2
84	pbkdf2_sha256$600000$iF2YAhwdTLN8NJLoD8sZyd$TQP1H3vixpixemQySoCUgKnM0/5sPz/SHSWRqHLlVeg=	\N	f	f	t	2024-01-10 07:55:33.592588-08	Joe	Bushyhead	joeb@nezperce.org	3
85	pbkdf2_sha256$600000$GS33TgWQKqrskGH0SE7Z4f$HC/IFfu3LqBoh4AA92WCZ+wR1jSEHCwmOL1e0heyLeQ=	\N	f	f	t	2024-01-10 09:42:00.260436-08	Scott	Everett	scotte@nezperce.org	3
86	pbkdf2_sha256$600000$IrFWhMHv0MmpictQ5aivR1$Nk62nRGBgaM8Ni9HAalk2j1no0OMCRH5PcfvQ0Xj18o=	\N	f	f	t	2024-01-10 09:47:43.616923-08	Jeremy	Sommer	jeremys@nezperce.org	3
73	pbkdf2_sha256$600000$AtnK1KTnMvZTPrNH6yaEHF$UxUB8hU+ZDtSGVx24rtsui9zTugusFVN0V5WZV0+pok=	\N	f	f	f	2023-10-12 08:13:42-07	Mike	Key	mikek@nezperce.org	3
87	pbkdf2_sha256$600000$Hho06oEWxeRvhQTMA0PKue$x/48qo4bi2aAP59sQCoYEwITTwQYJ0CU1+G77tvVJec=	\N	f	f	t	2024-02-28 08:23:17.660189-08	Sarah	Barnes	sbarnes@nezperce.org	4
88	pbkdf2_sha256$600000$s1OWxQfGfbkD2TkWKtz3zt$MC8ZAmIsyxHzZuEdYkbgZ2dPTkRPBBAh/anzMjaiISQ=	\N	f	f	t	2024-03-06 08:22:36.952987-08	Heath	Hewett	heathh@nezperce.org	4
89	pbkdf2_sha256$600000$TYGpvHqvnjqVFvoy3CIekp$ZWtZ74vtzYX4O8Ay2SZ9sVzOQ+GJiv0NTTFR1KCCUkE=	\N	f	f	t	2024-03-12 10:42:36.227326-07	Keith	Mortensen	keithm@nezperce.org	3
90	pbkdf2_sha256$600000$fuPS56wcB6vuYtb7Su5XZs$dZm9Q1TmUZeU9iFUXl4mEmPeHnSwwBD40qS9FBvsFdc=	\N	f	f	t	2024-04-15 12:47:02-07	Jarrod	Crow	jarrodc@nezperce.org	4
91	pbkdf2_sha256$600000$4U1XzQ0Rnf3g6AdAmyidrz$XQIFdt4QbH+NswcwL8VbyJ3FSEF7mgSDpvqO+2E7VKk=	\N	f	f	t	2024-04-24 16:05:23-07	Abe	Yearout	abey@nezperce.org	4
92	pbkdf2_sha256$600000$ZE6wgjFCed8bY0AlmPDAIY$3r587FJAyrDRCkJmMFeUfeLlSmKLgqS9ZKskbbnyryg=	\N	f	f	t	2024-05-01 07:57:04.642005-07	Don	Anderson	donalda@nezperce.org	4
93	pbkdf2_sha256$600000$Jmxp5XpIsGpK1l23GATgk5$iDQ3YCbjdtRKpNONG6s9GyyjDRn/LIMkzXU97OD+DOY=	\N	f	f	t	2024-05-01 07:57:33.447212-07	Rusty	Eschler	rustye@nezperce.org	5
94	pbkdf2_sha256$600000$TO4nIjPNWDY1swUvPPnipu$Bz57/hAcVpoPQK26vFi8xxGZHLb0lcfz47wnyViVmPQ=	\N	f	f	t	2024-05-01 07:58:04.468731-07	Josiah	McCormack	josiahm@nezperce.org	5
95	pbkdf2_sha256$600000$7vCcmInX699B9MDuYk4ohb$jwX1YlPMCJZMFTVveN6vq6ua2lScArq64AOVS4iRzcE=	\N	f	f	t	2024-05-01 07:58:26.729906-07	Neal	Meshell	nealm@nezperce.org	5
96	pbkdf2_sha256$600000$GqXjKwanaIRkB8OhDKO2pK$lCixIPCObMsNFoUSE9radUlr8no+/+OcIMGIT4QoKnY=	\N	f	f	t	2024-05-01 07:58:55.880669-07	Montana	Pagano	montanap@nezperce.org	4
97	pbkdf2_sha256$600000$KfjcruqszmftgTWOCBoB6Z$Evt/dUCU5zcRN6Xjz1N/bEkkmkcOiGSMSsERf66D078=	\N	f	f	t	2024-05-01 07:59:18.785289-07	Cameron	Shawl	camerons@nezperce.org	5
98	pbkdf2_sha256$600000$pXZoOCxR2HawdzriifaIkF$jcwkHkoO4lT4xRFRWTqJxLlJ+NHOOn30MLWyCJpmOi4=	\N	f	f	t	2024-05-15 12:23:05-07	Othoniel	Lopez	othoniell@nezperce.org	4
\.


--
-- Data for Name: account_user_groups; Type: TABLE DATA; Schema: public; Owner: postgres
--

COPY public.account_user_groups (id, user_id, group_id) FROM stdin;
1	4	1
2	5	1
3	6	2
4	7	2
5	8	2
6	9	2
7	10	2
8	11	2
9	12	2
10	13	2
11	14	2
12	15	2
13	16	2
14	17	4
15	18	2
16	19	3
17	20	5
18	21	3
20	23	5
21	24	5
22	25	5
23	26	5
24	27	3
25	28	5
26	29	5
27	30	5
28	31	5
29	32	5
30	33	2
31	34	3
32	35	5
33	36	2
34	37	4
35	38	5
36	39	4
37	40	2
38	41	4
39	42	4
40	43	5
41	44	3
42	45	4
43	46	4
44	47	4
45	48	5
46	49	4
47	50	4
48	51	2
49	52	5
50	53	3
51	54	4
52	55	5
53	56	5
54	57	5
55	58	4
56	59	4
57	60	5
58	61	5
59	62	5
60	3	1
61	2	1
62	63	3
63	64	3
64	65	3
65	66	3
66	67	3
67	68	3
68	69	3
69	70	3
70	71	3
71	72	3
72	73	3
73	74	3
74	75	3
75	76	3
76	77	3
77	78	3
78	79	3
79	80	4
80	81	3
81	82	4
82	83	4
83	84	3
84	85	3
85	86	3
86	87	4
87	88	4
88	89	3
90	22	2
91	90	3
93	91	4
94	92	4
95	93	5
96	94	5
97	95	5
98	96	4
99	97	5
101	98	3
\.


--
-- Data for Name: account_user_user_permissions; Type: TABLE DATA; Schema: public; Owner: postgres
--

COPY public.account_user_user_permissions (id, user_id, permission_id) FROM stdin;
1	90	33
2	90	34
3	90	35
\.


--
-- Data for Name: administration_department; Type: TABLE DATA; Schema: public; Owner: postgres
--

COPY public.administration_department (id, created_at, updated_at, is_active, name, description, slug, assistant_id, created_by_id, deputy_id, img_banner_id, img_card_id, manager_id, updated_by_id) FROM stdin;
1	2023-10-03 13:41:21.946359-07	2024-01-16 15:50:36.531047-08	t	Fisheries Resources Management	<p>The Nez Perce Tribe Department of Fisheries Resources Management will protect and restore aquatic resources and habitats. Our mission will be accomplished consistent with the Nimiipu way of life and beliefs, which have the utmost respect for the Creator, for all species, and for the past, present, and future generations to come. Our mission will be consistent with the reserved rights stated within the Nez Perce Tribe 1855 Treaty. The Nez Perce Tribe fisheries program began in 1981 with the initiation of stream survey work conducted on the reservation and funded through the Pacific Northwest Electric Power Planning and Conservation Act. Prior to this time, the Nez Perce Tribe fisheries resource support was minimal and provided by the Bureau of Indian Affairs, The U.S. Fish and Wildlife Service, and the newly formed Columbia River Inter-Tribal Fish Commission. Currently, the Nez Perce Tribe has one of the largest tribal fisheries programs in the United States. The Department employs 135 to 185 people and the demographics of the workforce are about 50% Nez Perce tribal members, 5% members of other tribes, and 45% non-Indians. The Department consists of seven principal divisions: Administration, Conservation Enforcement, Harvest, Production, Research, Resident Fish, and Watershed. The program has approximately 60 biologists or other class descriptions requiring a professional degree; the majority of the Department positions do not require a degree. A quarter of the jobs are seasonal, occurring only during the field season, and most of them require extended multiple-day camping in the field where the activities occur.</p>	fisheries-resources-management	13	2	7	2	1	6	3
\.


--
-- Data for Name: administration_department_staff; Type: TABLE DATA; Schema: public; Owner: postgres
--

COPY public.administration_department_staff (id, department_id, user_id) FROM stdin;
3	1	36
\.


--
-- Data for Name: administration_division; Type: TABLE DATA; Schema: public; Owner: postgres
--

COPY public.administration_division (id, created_at, updated_at, is_active, name, description, slug, assistant_id, created_by_id, department_id, deputy_id, img_banner_id, img_card_id, manager_id, updated_by_id) FROM stdin;
3	2023-10-03 14:35:24.374524-07	2023-10-12 09:36:53.02111-07	t	Harvest	Lorem ipsum dolor sit amet, consectetur adipiscing elit, sed do eiusmod tempor incididunt ut labore et dolore magna aliqua. Mus mauris vitae ultricies leo integer malesuada nunc vel. Arcu non odio euismod lacinia at. Cras semper auctor neque vitae. Interdum varius sit amet mattis vulputate enim. Ultrices vitae auctor eu augue ut lectus arcu bibendum at. Volutpat est velit egestas dui id ornare arcu odio ut. Tincidunt id aliquet risus feugiat in ante. Sed elementum tempus egestas sed sed risus. Tempus urna et pharetra pharetra massa massa ultricies.\n\nCondimentum mattis pellentesque id nibh. Egestas dui id ornare arcu odio ut sem nulla pharetra. Scelerisque viverra mauris in aliquam sem fringilla ut. Vulputate sapien nec sagittis aliquam malesuada bibendum arcu. Mattis enim ut tellus elementum sagittis vitae. Id cursus metus aliquam eleifend mi in nulla posuere. Euismod quis viverra nibh cras pulvinar mattis. In ante metus dictum at tempor commodo ullamcorper a lacus. Donec massa sapien faucibus et molestie ac. Ornare suspendisse sed nisi lacus sed. Nec feugiat in fermentum posuere urna. Elementum facilisis leo vel fringilla est. Blandit turpis cursus in hac habitasse platea dictumst quisque sagittis. Neque ornare aenean euismod elementum nisi quis. Venenatis lectus magna fringilla urna. Ornare massa eget egestas purus viverra accumsan in nisl nisi. Dolor sit amet consectetur adipiscing elit duis tristique.	harvest	\N	3	1	8	3	3	7	2
1	2023-10-03 14:06:38.749997-07	2024-01-26 07:21:00.693733-08	t	Research	<p>Support the management of aquatic resources to provide healthy self-sustaining populations of historically present species and for harvest opportunities by collecting and communicating information on population status and effectiveness of management actions. Research Division goals include:</p><ol><li><p>Monitor the status of salmon and steelhead populations and supporting fish habitat relative to desired abundance, survival rate, diversity, and distributions.</p></li><li><p>Monitor and evaluate hatchery production programs to determine program effectiveness and to provide for adaptive management.</p></li><li><p>Provide science-based recommendations for management and policy consideration.</p></li></ol>	research	33	3	1	\N	26	36	10	2
5	2023-10-04 10:51:28.439588-07	2024-01-16 15:55:05.419775-08	t	Conservation Enforcement	<p>Lorem ipsum dolor sit amet, consectetur adipiscing elit, sed do eiusmod tempor incididunt ut labore et dolore magna aliqua. Mus mauris vitae ultricies leo integer malesuada nunc vel. Arcu non odio euismod lacinia at. Cras semper auctor neque vitae. Interdum varius sit amet mattis vulputate enim. Ultrices vitae auctor eu augue ut lectus arcu bibendum at. Volutpat est velit egestas dui id ornare arcu odio ut. Tincidunt id aliquet risus feugiat in ante. Sed elementum tempus egestas sed sed risus. Tempus urna et pharetra pharetra massa massa ultricies. Condimentum mattis pellentesque id nibh. Egestas dui id ornare arcu odio ut sem nulla pharetra. Scelerisque viverra mauris in aliquam sem fringilla ut. Vulputate sapien nec sagittis aliquam malesuada bibendum arcu. Mattis enim ut tellus elementum sagittis vitae. Id cursus metus aliquam eleifend mi in nulla posuere. Euismod quis viverra nibh cras pulvinar mattis. In ante metus dictum at tempor commodo ullamcorper a lacus. Donec massa sapien faucibus et molestie ac. Ornare suspendisse sed nisi lacus sed. Nec feugiat in fermentum posuere urna. Elementum facilisis leo vel fringilla est. Blandit turpis cursus in hac habitasse platea dictumst quisque sagittis. Neque ornare aenean euismod elementum nisi quis. Venenatis lectus magna fringilla urna. Ornare massa eget egestas purus viverra accumsan in nisl nisi. Dolor sit amet consectetur adipiscing elit duis tristique.</p>	conservation-enforcement	\N	2	1	\N	5	5	9	3
4	2023-10-04 10:48:52.46465-07	2024-01-16 15:55:16.575939-08	t	Production	<p>Lorem ipsum dolor sit amet, consectetur adipiscing elit, sed do eiusmod tempor incididunt ut labore et dolore magna aliqua. Mus mauris vitae ultricies leo integer malesuada nunc vel. Arcu non odio euismod lacinia at. Cras semper auctor neque vitae. Interdum varius sit amet mattis vulputate enim. Ultrices vitae auctor eu augue ut lectus arcu bibendum at. Volutpat est velit egestas dui id ornare arcu odio ut. Tincidunt id aliquet risus feugiat in ante. Sed elementum tempus egestas sed sed risus. Tempus urna et pharetra pharetra massa massa ultricies. Condimentum mattis pellentesque id nibh. Egestas dui id ornare arcu odio ut sem nulla pharetra. Scelerisque viverra mauris in aliquam sem fringilla ut. Vulputate sapien nec sagittis aliquam malesuada bibendum arcu. Mattis enim ut tellus elementum sagittis vitae. Id cursus metus aliquam eleifend mi in nulla posuere. Euismod quis viverra nibh cras pulvinar mattis. In ante metus dictum at tempor commodo ullamcorper a lacus. Donec massa sapien faucibus et molestie ac. Ornare suspendisse sed nisi lacus sed. Nec feugiat in fermentum posuere urna. Elementum facilisis leo vel fringilla est. Blandit turpis cursus in hac habitasse platea dictumst quisque sagittis. Neque ornare aenean euismod elementum nisi quis. Venenatis lectus magna fringilla urna. Ornare massa eget egestas purus viverra accumsan in nisl nisi. Dolor sit amet consectetur adipiscing elit duis tristique.</p>	production	13	2	1	12	1	2	11	3
2	2023-10-03 14:06:55.067589-07	2024-01-24 11:14:34.016261-08	t	Watershed	<p>Lorem ipsum dolor sit amet, consectetur adipiscing elit, sed do eiusmod tempor incididunt ut labore et dolore magna aliqua. Mus mauris vitae ultricies leo integer malesuada nunc vel. Arcu non odio euismod lacinia at. Cras semper auctor neque vitae. Interdum varius sit amet mattis vulputate enim. Ultrices vitae auctor eu augue ut lectus arcu bibendum at. Volutpat est velit egestas dui id ornare arcu odio ut. Tincidunt id aliquet risus feugiat in ante. Sed elementum tempus egestas sed sed risus. Tempus urna et pharetra pharetra massa massa ultricies. Condimentum mattis pellentesque id nibh. Egestas dui id ornare arcu odio ut sem nulla pharetra. Scelerisque viverra mauris in aliquam sem fringilla ut. Vulputate sapien nec sagittis aliquam malesuada bibendum arcu. Mattis enim ut tellus elementum sagittis vitae. Id cursus metus aliquam eleifend mi in nulla posuere. Euismod quis viverra nibh cras pulvinar mattis. In ante metus dictum at tempor commodo ullamcorper a lacus. Donec massa sapien faucibus et molestie ac. Ornare suspendisse sed nisi lacus sed. Nec feugiat in fermentum posuere urna. Elementum facilisis leo vel fringilla est. Blandit turpis cursus in hac habitasse platea dictumst quisque sagittis. Neque ornare aenean euismod elementum nisi quis. Venenatis lectus magna fringilla urna. Ornare massa eget egestas purus viverra accumsan in nisl nisi. Dolor sit amet consectetur adipiscing elit duis tristique.</p>	watershed	16	3	1	15	2	2	14	10
\.


--
-- Data for Name: administration_division_staff; Type: TABLE DATA; Schema: public; Owner: postgres
--

COPY public.administration_division_staff (id, division_id, user_id) FROM stdin;
12	1	2
13	1	51
\.


--
-- Data for Name: administration_facility; Type: TABLE DATA; Schema: public; Owner: postgres
--

COPY public.administration_facility (id, created_at, updated_at, is_active, name, description, slug, phone_number, street_address, mailing_address, city, state, zipcode, coordinates, assistant_id, created_by_id, deputy_id, facility_type_id, img_banner_id, img_card_id, manager_id, updated_by_id) FROM stdin;
2	2023-10-04 08:51:16.521683-07	2024-01-16 15:51:29.417002-08	t	Nez Perce Tribal Hatchery	<p>A Chinook salmon hatchery located on the Clearwater River.</p>	nez-perce-tribal-hatchery	+12088437384	18985 220 Rd. S.		Lenore	Idaho	83541	0101000020E6100000010000DA382A5DC0A6518CB989424740	\N	2	\N	2	5	4	78	3
7	2023-10-12 08:50:21.289646-07	2023-10-12 08:50:21.461553-07	t	Production Division Office	Lorem ipsum dolor sit amet, consectetur adipiscing elit, sed do eiusmod tempor incididunt ut labore et dolore magna aliqua. Arcu cursus euismod quis viverra nibh cras pulvinar mattis nunc. Neque laoreet suspendisse interdum consectetur libero. Pretium nibh ipsum consequat nisl vel pretium lectus quam. Mi bibendum neque egestas congue. Lobortis elementum nibh tellus molestie nunc non. Sodales ut etiam sit amet nisl purus in mollis. Eget nunc lobortis mattis aliquam. Tortor dignissim convallis aenean et tortor at. In tellus integer feugiat scelerisque varius.	production-division-office	+12088437320	104 Lolo St.		Lapwai	Idaho	83540	0101000020E61000000100805B5B335DC057BB716A2D334740	13	2	12	1	3	3	11	2
8	2023-10-12 09:07:05.337072-07	2023-11-02 15:55:58.275178-07	t	Research Division  Sweetwater ID Office	Lorem ipsum dolor sit amet, consectetur adipiscing elit, sed do eiusmod tempor incididunt ut labore et dolore magna aliqua. Arcu cursus euismod quis viverra nibh cras pulvinar mattis nunc. Neque laoreet suspendisse interdum consectetur libero. Pretium nibh ipsum consequat nisl vel pretium lectus quam. Mi bibendum neque egestas congue. Lobortis elementum nibh tellus molestie nunc non. Sodales ut etiam sit amet nisl purus in mollis. Eget nunc lobortis mattis aliquam. Tortor dignissim convallis aenean et tortor at. In tellus integer feugiat scelerisque varius.	research-division-office		28761 Salmon Lane	P.O. Box 365	Sweetwater	Idaho	83540	0101000020E61000000100008FF3325DC0AAE59D7AAF2F4740	33	2	\N	1	3	2	10	10
9	2023-10-12 09:08:47.007476-07	2023-10-12 09:08:47.038729-07	t	Watershed Division Office	Lorem ipsum dolor sit amet, consectetur adipiscing elit, sed do eiusmod tempor incididunt ut labore et dolore magna aliqua. Arcu cursus euismod quis viverra nibh cras pulvinar mattis nunc. Neque laoreet suspendisse interdum consectetur libero. Pretium nibh ipsum consequat nisl vel pretium lectus quam. Mi bibendum neque egestas congue. Lobortis elementum nibh tellus molestie nunc non. Sodales ut etiam sit amet nisl purus in mollis. Eget nunc lobortis mattis aliquam. Tortor dignissim convallis aenean et tortor at. In tellus integer feugiat scelerisque varius.	watershed-division-office	+12088437144	1 Salmon Lane		Sweetwater	Idaho	83540	0101000020E61000000100003DFA325DC0562B431FBB2F4740	16	2	15	1	3	2	14	2
6	2023-10-12 08:48:13.588774-07	2024-01-16 15:50:54.797511-08	t	Fisheries Administration Office	<p>Lorem ipsum dolor sit amet, consectetur adipiscing elit, sed do eiusmod tempor incididunt ut labore et dolore magna aliqua. Arcu cursus euismod quis viverra nibh cras pulvinar mattis nunc. Neque laoreet suspendisse interdum consectetur libero. Pretium nibh ipsum consequat nisl vel pretium lectus quam. Mi bibendum neque egestas congue. Lobortis elementum nibh tellus molestie nunc non. Sodales ut etiam sit amet nisl purus in mollis. Eget nunc lobortis mattis aliquam. Tortor dignissim convallis aenean et tortor at. In tellus integer feugiat scelerisque varius.</p>	fisheries-administration-office	+12088437320	104 Lolo St.		Lapwai	Idaho	83540	0101000020E6100000010000915A335DC0096AFB3B31334740	\N	2	\N	1	3	2	6	3
10	2023-10-12 09:10:10.235168-07	2023-10-12 09:10:10.500828-07	t	Conservation Enforcement Office	Lorem ipsum dolor sit amet, consectetur adipiscing elit, sed do eiusmod tempor incididunt ut labore et dolore magna aliqua. Arcu cursus euismod quis viverra nibh cras pulvinar mattis nunc. Neque laoreet suspendisse interdum consectetur libero. Pretium nibh ipsum consequat nisl vel pretium lectus quam. Mi bibendum neque egestas congue. Lobortis elementum nibh tellus molestie nunc non. Sodales ut etiam sit amet nisl purus in mollis. Eget nunc lobortis mattis aliquam. Tortor dignissim convallis aenean et tortor at. In tellus integer feugiat scelerisque varius.	conservation-enforcement-office	+12088437143	1 Salmon Lane		Sweetwater	Idaho	83540	0101000020E61000000100004BFB325DC057310173B02F4740	\N	2	\N	1	3	2	9	2
5	2023-10-12 08:42:05.971584-07	2023-10-12 08:42:06.221596-07	t	Orofino Field Office	Lorem ipsum dolor sit amet, consectetur adipiscing elit, sed do eiusmod tempor incididunt ut labore et dolore magna aliqua. Arcu cursus euismod quis viverra nibh cras pulvinar mattis nunc. Neque laoreet suspendisse interdum consectetur libero. Pretium nibh ipsum consequat nisl vel pretium lectus quam. Mi bibendum neque egestas congue. Lobortis elementum nibh tellus molestie nunc non. Sodales ut etiam sit amet nisl purus in mollis. Eget nunc lobortis mattis aliquam. Tortor dignissim convallis aenean et tortor at. In tellus integer feugiat scelerisque varius.	orofino-field-office	+12084767417	45559 Highway 12		Orofino	Idaho	83544	0101000020E6100000010000ED040F5DC0F7BB11A6703B4740	40	2	\N	1	3	2	19	2
11	2023-10-12 09:12:38.165561-07	2023-10-12 09:12:38.431203-07	t	Dworshak Fish Hatchery	Lorem ipsum dolor sit amet, consectetur adipiscing elit, sed do eiusmod tempor incididunt ut labore et dolore magna aliqua. Arcu cursus euismod quis viverra nibh cras pulvinar mattis nunc. Neque laoreet suspendisse interdum consectetur libero. Pretium nibh ipsum consequat nisl vel pretium lectus quam. Mi bibendum neque egestas congue. Lobortis elementum nibh tellus molestie nunc non. Sodales ut etiam sit amet nisl purus in mollis. Eget nunc lobortis mattis aliquam. Tortor dignissim convallis aenean et tortor at. In tellus integer feugiat scelerisque varius.	dworshak-fish-hatchery		276 Dworshak Complex Dr.		Orofino	Idaho	83544	0101000020E61000000100002E73145DC03BB45E6D39404740	\N	2	\N	2	3	6	12	2
12	2023-10-12 09:16:34.347533-07	2023-10-12 09:16:34.581911-07	t	Kooskia Fish Hatchery	Lorem ipsum dolor sit amet, consectetur adipiscing elit, sed do eiusmod tempor incididunt ut labore et dolore magna aliqua. Arcu cursus euismod quis viverra nibh cras pulvinar mattis nunc. Neque laoreet suspendisse interdum consectetur libero. Pretium nibh ipsum consequat nisl vel pretium lectus quam. Mi bibendum neque egestas congue. Lobortis elementum nibh tellus molestie nunc non. Sodales ut etiam sit amet nisl purus in mollis. Eget nunc lobortis mattis aliquam. Tortor dignissim convallis aenean et tortor at. In tellus integer feugiat scelerisque varius.	kooskia-fish-hatchery	+12089264272	Route 1 Box 98A		Kooskia	Idaho	83539	0101000020E61000000100002297FC5CC002BE663E94104740	\N	2	\N	2	5	3	79	2
4	2023-10-11 14:10:23.398556-07	2024-04-29 17:11:28.584839-07	t	Joseph Field Office	<p><span style="color:#212529;">Located at the foot of stunningly beautiful Chief Joseph Mountain, the Tribe’s Joseph Field Office is prominently positioned in downtown Joseph, Oregon. Purchased and remodeled in 2007, the facility was opened to receive employees in June of 2008. The Joseph Field Office is now home to 21 fulltime employees and 6-7 seasonal employees.</span></p><p><span style="color:#212529;">&nbsp;Every year our office welcomes hundreds of tourists, co-managers, trick-or-treaters, and interested visitors. However, our main work is focused in the streams, rivers and lakes found in the Grande Ronde and Imnaha subbasins of northeast Oregon. There we conduct multiple fisheries projects to protect, restore, enhance, and manage aquatic resources along with their habitats. Furthermore, our guiding principles cause us to recognize the cultural significance of these resources. They are gifts to us that we are obligated to steward. &nbsp;</span></p><p><span style="color:#212529;">Regarding his sacred homeland in northeast Oregon, Chief Joseph said: &nbsp;</span></p><p><em><span style="color:#181818;">                            “Do not misunderstand me; but understand me fully with reference to my affection for the land.</span>”</em></p><p><em><span style="color:#2C3346;">                           “I love that land more than all the rest of the world.</span>”</em></p><p style="text-align:right"><span style="color:black;">In-mut-too-yah-lat-lat</span> (Young Chief Joseph)</p><p style="text-align:center"><span style="color:#2C3346;">It is that same sentiment that motivates us as employees of the Nez Perce Tribe in northeast Oregon.</span></p>	joseph-field-office		500 N. Main Street	P.O. Box 909	Joseph	Oregon	97846	0101000020E6100000010020E1B04E5DC0EB744B25A0AD4640	18	3	\N	1	104	79	22	22
1	2023-10-03 13:45:51.789152-07	2024-04-23 07:33:55.38678-07	t	McCall Field Office	<p>The Nez Perce Tribe established the McCall Field Office in 1997. Our current facility was purchased in 2012, and after a building remodel staff moved into the office during the summer of 2013. The office is located a few miles south of McCall and is home to 15-20 full-time employees with an additionally 5-10 staff coming on board for our busy field season. The office serves as the base location for the Johnson Creek Artificial Production and Enhancement and Snake River In-stream Pit-tag Detection Systems projects, and for habitat restoration actions throughout the Little Salmon River, South Fork Salmon River, and Big Creek watersheds.</p>	mccall-field-office	+12086345290	14054 Burr Lane	14054 Burr Lane	McCall	ID	83638	0101000020E6100000B4FC355A9F055DC0B69A0320586E4640	\N	3	\N	1	21	74	2	2
\.


--
-- Data for Name: administration_facility_staff; Type: TABLE DATA; Schema: public; Owner: postgres
--

COPY public.administration_facility_staff (id, facility_id, user_id) FROM stdin;
1	1	3
2	1	37
3	1	43
4	1	44
5	1	50
7	1	29
49	1	63
50	4	46
51	4	47
52	4	17
53	4	53
54	4	54
55	8	42
56	8	4
57	8	5
58	1	69
59	1	80
60	1	81
61	1	82
62	1	83
63	1	27
64	1	84
65	4	68
66	4	74
67	4	48
68	4	49
69	4	18
70	4	55
71	4	22
72	4	87
73	4	57
74	4	61
75	4	62
76	4	31
\.


--
-- Data for Name: administration_project; Type: TABLE DATA; Schema: public; Owner: postgres
--

COPY public.administration_project (id, created_at, updated_at, is_active, name, description, slug, created_by_id, department_id, img_banner_id, img_card_id, updated_by_id) FROM stdin;
1	2023-10-03 13:42:53.101859-07	2024-01-17 15:04:14.597845-08	t	Johnson Creek Artificial Propagation and Enhancement	<p>The Johnson Creek Artificial Propagation Enhancement, or ‘JCAPE’, is a small-scale supplementation program designed to reverse the decline of ESA-listed spring/summer Chinook salmon (<em>Oncorhynchus tshawytscha</em>) in Johnson Creek, ID, USA. The JCAPE program uses 100% natural-origin Chinook for its broodstock and allows all returning hatchery-origin fish to spawn naturally. The monitoring and evaluation component of the program focuses on status and trend monitoring of endemic populations of Chinook and summer steelhead (<em>O. mykiss</em>) in Johnson Creek and throughout the South Fork Salmon subbasin.</p>	johnson-creek-artificial-propagation-and-enhancement	3	1	24	13	44
12	2023-10-12 08:28:52.132636-07	2024-04-24 10:20:38.062203-07	t	Red River and Newsome Creek Restoration	<p><span style="color:rgb(0, 0, 0);">The overall goal of this project is to restore the Red River &amp; Newsome Creek aquatic ecosystems, addressing all limiting factors, so that the physical habitat within these watersheds no longer limits recovery of the ESA Threatened S.F. Clearwater Steelhead population. As part of ongoing partnerships with the Nez Perce-Clearwater National Forest (USFS), private landowners, and recently Trout Unlimited, the Nez Perce Tribe (NPT) has been implementing habitat improvement projects to address primary limiting factors that will increase the productivity and viability of the South Fork Clearwater River and its tributaries.</span></p><p style="text-align:start"><span style="color:rgb(0, 0, 0);">The Red River and Newsome Creek Watersheds are two of four main tributary watersheds within the Upper South Fork of the Clearwater River Subbasin. These watersheds both contain high aquatic potential in the South Fork Clearwater River Subbasin, therefore playing a vital role in aquatic species conservation and recovery (USDA 1998). The Red River watershed is approximately 103,348 acres in size while Newsome Creek is 42,576 acres. Elevations range between 3,630 feet and 5,000 feet. USFS ownership is comprised of 99% in Newsome and 96% in Red River. The mainstem of Newsome Creek is approximately 15.7 miles in length while RedRiveris30.68miles. The Red River and American River confluence is the beginning of the South Fork Clearwater River with Newsome Creek joining approximately 9.5 miles below. The small rural town of Elk City is located nearby. Both watersheds have had a large amount of management activity which have negatively altered the aquatic processes and conditions from historic conditions, primarily stream habitat complexity, the riparian corridor, and sediment/temperature regimes. The major detrimental management activities include:</span></p><p>·&nbsp;&nbsp;&nbsp;&nbsp;&nbsp;&nbsp; Historic dredge mining that has reduced habitat complexity, disconnected the floodplain, and altered sediment regimes</p><p>         resulting in a reduction of suitable spawning gravels.</p><p>·&nbsp;&nbsp;&nbsp;&nbsp;&nbsp;&nbsp; Agricultural/grazing practices that have cleared riparian vegetation and de-watered meadow systems.</p><p>·&nbsp;&nbsp;&nbsp;&nbsp;&nbsp;&nbsp; Building of roads that encroach on stream/riparian processes and increase chronic fine sediments.</p><p>·&nbsp;&nbsp;&nbsp;&nbsp;&nbsp;&nbsp; Land development – subdivision of meadow systems and building within floodplains.</p>	red-river-and-newsome-creek-restoration	2	1	81	91	90
33	2024-01-22 10:33:17.145864-08	2024-01-22 14:45:38.0593-08	t	Wallowa Lake Sockeye Reintroduction	<p>Wallowa Lake Sockeye Reintroduction - overall project description.</p>	wallowa-lake-sockeye-reintroduction	53	1	34	34	53
7	2023-10-12 08:26:06.467943-07	2024-04-17 09:16:37.704935-07	t	South Fork Clearwater River and Slate Creek Watershed Restoration	<p>The goal of this project is to restore the aquatic ecosystems with process-based restoration in these watersheds, addressing limiting factors so that the physical habitat no longer limits recovery of the Endangered Species Act (ESA) threatened steelhead and Chinook salmon populations with associated benefits to several other focal and secondary species.&nbsp;&nbsp; As part of ongoing partnerships, the NPT implements habitat improvement projects to address primary limiting factors that will increase the productivity and viability of the South Fork Clearwater River/ Slate Creek watershed populations. &nbsp;This project’s primary focus is to implement habitat improvement and protection projects to address limiting factors identified in regional guidance documents. Specifically, the types of actions the project is implementing are to restore habitat access, floodplain connection, sediment transport, storage and routing of water, plant growth and successional processes, input of nutrients and thermal energy, and nutrient cycling in the aquatic food web.</p>	south-fork-clearwater-river-and-slate-creek-watershed-restoration	2	1	70	69	66
10	2023-10-12 08:27:57.025883-07	2024-01-16 15:56:41.667889-08	t	Northeast Oregon Watershed Restoration	<p>Lorem ipsum dolor sit amet, consectetur adipiscing elit, sed do eiusmod tempor incididunt ut labore et dolore magna aliqua. Arcu cursus euismod quis viverra nibh cras pulvinar mattis nunc. Neque laoreet suspendisse interdum consectetur libero. Pretium nibh ipsum consequat nisl vel pretium lectus quam. Mi bibendum neque egestas congue. Lobortis elementum nibh tellus molestie nunc non. Sodales ut etiam sit amet nisl purus in mollis. Eget nunc lobortis mattis aliquam. Tortor dignissim convallis aenean et tortor at. In tellus integer feugiat scelerisque varius.</p>	northeast-oregon-watershed-restoration	2	1	5	1	3
31	2024-01-10 09:46:44.65824-08	2024-05-15 12:05:45.681956-07	t	Lower Snake River Compe,sation Plan Project	<p><span style="color:#4A4A4A;">Lower Snake River Compensation Plan coordinates the production and release of spring and fall Chinook salmon, summer steelhead, and resident rainbow trout to mitigate for the construction of the four lower Snake River dams. The Program's mitigation goals include returning 55,100 adult steelhead, 58,700 adult spring/summer Chinook salmon, and 18,300 fall Chinook salmon to the Snake River. &nbsp;This collaborative project includes hatchery production at ten hatcheries and the operation of 14 satellite and acclimation facilities in Idaho, Oregon, and Washington.&nbsp; Cooperators from the Nez Perce Tribe, Confederated Tribes of the Umatilla Indian Reservation, Shoshone-Bannock Tribe, U.S. Fish and Wildlife Service, Idaho Department of Fish and Game, the Oregon&nbsp;Department of Fish and Wildlife, the Washington Department of Fish and Wildlife annually spawn, raise&nbsp;and release over 16.8 million salmon, steelhead and rainbow trout and provide monitoring and evaluations of all activities.</span></p><p><span style="color:#4A4A4A;">As comanagers, the Nez Perce Tribe (NPT) provide guidance and leadership to the LSRCP program to ensure that the needs of the NPT are considered and priorities met, especially in regards to meeting mitigation goals and maximizing harvest for Tribal fishers. Project activities are varied, ranging from collecting and spawning adult and acclimating juvenile salmon to harvest monitoring and numerous monitoring and evaluations (M&amp;E) activities.  Specifically, project staff assist with the production of Chinook salmon at Lookingglass Hatchery in Northeast Oregon, operate three acclimation facilities rearing and releasing fall Chinook juveniles, fulfill important marking and tagging needs, monitor harvest of Tribal fishers throughout the Snake River basin and conduct numerous M&amp;E activities to facilitate adaptive management and ensure that the program meets mitigation goals.</span></p>	lower-snake-river-compesation-plan-project	10	1	1	129	51
15	2023-10-12 08:30:41.417262-07	2024-04-24 11:26:40.374973-07	t	Protect and Restore Lapwai Creek Watershed	<p>Located within the boundaries of the Nez Perce Indian Reservation, the Lapwai Creek Watershed encompasses the headquarters of the Nez Perce Tribe in Lapwai, Idaho. Lapwai Creek and its major tributaries (Sweetwater &amp; Mission Creek) face many anthropogenic challenges from three towns, a U.S. Highway, and heavy agricultural use. Also located within the Lapwai Creed Watershed are multiple stream diversions used to feed the Lewiston Orchards Irrigation District from Sweetwater Creek. Even with all these challenges, the unique sub-surface nature of Lapwai Creek’s waters sources contribute to lower temperatures than adjacent watersheds and serve as a haven for ESA listed A-Run Steelhead, along with reintroduced Spring/Summer Chinook &amp; Coho Salmon, in the face of climate change.</p>	protect-and-restore-lapwai-creek-watershed	2	1	92	93	72
6	2023-10-12 08:25:06.141793-07	2024-04-25 07:59:26.893049-07	t	Crooked and American River Watersheds	<p><br><span style="color:rgb(0, 0, 0);">The American and Crooked River project directly addresses the FCRPS biological Opinion (2008) "Habitat Strategy 1—Protect and improve tributary habitat based on biological needs and prioritized actions". This alternative calls for tributary habitat implementation to address the 14 percent estimated habitat quality improvement needed for South Fork Clearwater steelhead. The following limiting factors were identified for the American and Crooked River watersheds: loss of habitat from fish passage barriers, increased stream temperatures, loss of riparian areas and large woody debris, loss of floodplain and hydrologic functions, loss of off-site habitats such as side-channels and functioning wetlands, loss of instream complexity (pools, large woody debris, undercut banks), and increased fine sediment</span><span style="color:rgb(86, 86, 86);">.</span></p><p style="text-align:start"><span style="color:rgb(0, 0, 0);">The overall goal of this project is to restore the American and Crooked River aquatic ecosystems, addressing all limiting factors, so that the physical habitat within this watershed no longer limits recovery of ESA-listed Snake River Basin steelhead. As part of an ongoing partnership with the Nez Perce-Clearwater National Forest, the Tribe's Watershed Division proposes projects that address primary limiting factors to increase abundance and productivity of focal and secondary species.</span></p>	crooked-and-american-river-watersheds	2	1	102	103	90
21	2023-10-12 08:36:07.916296-07	2024-03-04 14:29:13.187624-08	t	Lolo Creek and Selway River Watershed Restoration	<p><br class="ProseMirror-trailingBreak"></p>	lolo-creek-and-selway-river-watershed-restoration	2	1	65	65	76
14	2023-10-12 08:30:05.034793-07	2024-01-16 15:57:55.606731-08	t	Snake River Harvest Monitoring	<p>Lorem ipsum dolor sit amet, consectetur adipiscing elit, sed do eiusmod tempor incididunt ut labore et dolore magna aliqua. Arcu cursus euismod quis viverra nibh cras pulvinar mattis nunc. Neque laoreet suspendisse interdum consectetur libero. Pretium nibh ipsum consequat nisl vel pretium lectus quam. Mi bibendum neque egestas congue. Lobortis elementum nibh tellus molestie nunc non. Sodales ut etiam sit amet nisl purus in mollis. Eget nunc lobortis mattis aliquam. Tortor dignissim convallis aenean et tortor at. In tellus integer feugiat scelerisque varius.</p>	snake-river-harvest-monitoring	2	1	5	5	3
23	2023-10-12 08:36:43.340256-07	2024-01-16 15:58:23.015389-08	t	Trout Ponds	<p>Lorem ipsum dolor sit amet, consectetur adipiscing elit, sed do eiusmod tempor incididunt ut labore et dolore magna aliqua. Arcu cursus euismod quis viverra nibh cras pulvinar mattis nunc. Neque laoreet suspendisse interdum consectetur libero. Pretium nibh ipsum consequat nisl vel pretium lectus quam. Mi bibendum neque egestas congue. Lobortis elementum nibh tellus molestie nunc non. Sodales ut etiam sit amet nisl purus in mollis. Eget nunc lobortis mattis aliquam. Tortor dignissim convallis aenean et tortor at. In tellus integer feugiat scelerisque varius.</p>	trout-ponds	2	1	5	2	3
11	2023-10-12 08:28:22.047925-07	2024-01-17 12:06:32.89079-08	t	Salmon River Watershed Restoration	<p>The overall goal of this project is to restore the aquatic ecosystems of the South Fork Salmon River, Big Creek, and Little Salmon River watersheds, addressing all limiting factors, so the physical habitat within these watersheds no longer limits recovery of ESA-listed Chinook salmon, steelhead, and bull trout populations.</p>	salmon-river-watershed-restoration	2	1	14	13	2
3	2023-10-04 11:02:10.661008-07	2024-01-16 15:55:47.017139-08	t	Data Management	<p>The Data Management Team's mission is to ensure the highest quality data is delivered through our coordinated efforts for the purpose of: securely storing raw and summarized data; improving workflow efficiencies; and, increasing data accessibility to internal staff, regional managers, and the general public. Our data management goals include: 1) implementing systems to maintain accurate, consistent, and transparent data content; 2) providing web-accessible fish and habitat data; 3) ensuring the timely transfer of summarized data to tribal decision makers and regional consumers; and, 4) collaborating on data storage, maintenance, analysis, and reporting within the region.</p>	data-management	4	1	3	5	3
24	2023-10-12 08:37:52.395524-07	2024-01-25 15:20:55.69726-08	t	Nez Perce Tribal Hatchery	<p>The Project is divided into two subprojects, the Clearwater Basin In-Hatchery Evaluations and Marking Project and the Chinook Monitoring and Evaluation Project.</p>	nez-perce-tribal-hatchery	2	1	2	3	2
20	2023-10-12 08:35:08.910855-07	2024-01-23 13:56:39.917228-08	t	Snake Basin Steelhead Assessments	<p>The Snake Basin Steelhead Assessments project monitors and evaluates the effectiveness of steelhead supplementation in the Clearwater River. Juvenile monitoring activities include operating juvenile fish traps at Lolo Creek and the lower South Fork Clearwater. The project annually estimates juvenile steelhead abundance, migration timing, age at migration, and survival from the tributary to Lower Granite Dam. The scope of adult steelhead monitoring activities cover both A and B-run life history type returns of Snake River Summer Steelhead. A-Run adult steelhead monitoring utilizes seasonal Instream PIT Tag Detection Systems (IPTDS). Seasonal IPTDS have been deployed by the project in two Major Population Groups of Snake River Summer Steelhead: Little Salmon River, and Lower Mainstem Clearwater River. IPTDS operated for 2024 are Lawyers Creek, Sixmile Creek, and Bedrock Creek. Seasonal Steelhead weirs may be used in conjunction with IPTDS. Monitoring objectives for A-run adult steelhead are to determine adult steelhead abundance and distribution in the lower Salmon and Clearwater rivers, and document hatchery origin spawners in major and minor spawning aggregates. B-Run steelhead monitoring tracks adult returns of natural and hatchery origin steelhead, PIT tagged as juveniles, to release locations in Lolo Creek and the South Fork Clearwater River. These B-Run Steelhead represent two Major Population Groups of Snake River Summer Steelhead: Lolo Creek, and South Fork Clearwater River. Past monitoring activities have included a multi-agency effort to radio tag and track natural and hatchery B-Run steelhead to spawning areas in the South Fork Clearwater River. The project ended the use of radio tags in 2018 but continues to be involved in monitoring the upstream passage of adult hatchery steelhead in the South Fork Clearwater River. Monitoring objectives for B-run adult steelhead are to determine the smolt-to-adult survival and productivity. Additionally, the project is tasked with identifying factors that limit the productivity of B-Run adult steelhead in the Clearwater River Basin.</p>	snake-river-basin-steelhead	2	1	38	40	21
29	2024-01-10 09:44:55.143864-08	2024-01-16 15:55:53.40778-08	t	Dworshak National Fish Hatchery	<p>hatchery</p>	dworshak-national-fish-hatchery	10	1	5	15	3
30	2024-01-10 09:45:42.191094-08	2024-01-16 15:56:14.668049-08	t	Kooskia National Fish Hatchery	<p>kooskia national fish hatchery is the stuff.</p>	kooskia-national-fish-hatchery	10	1	20	15	3
28	2024-01-10 09:44:20.595869-08	2024-01-16 15:57:08.199491-08	t	Snake Basin Lamprey Recovery Project	<p>lamprey</p>	snake-basin-lamprey-recovery-project	10	1	6	15	3
27	2024-01-10 09:43:14.916675-08	2024-01-16 15:57:18.47053-08	t	Snake Basin Steelhead Kelt Reconditioning Project	<p>Kelts</p>	snake-basin-steelhead-kelt-reconditioning-project	10	1	19	16	3
19	2023-10-12 08:34:21.465735-07	2024-01-17 10:08:46.448014-08	t	Chinook Salmon Gamete Preservation	<p><span style="color:rgb(87, 86, 86);"><span style="background-color:rgb(255, 255, 255);">In spite of an intensive management effort, chinook salmon (Oncorhynchus tshawytscha) and steelhead (Oncorhynchus mykiss) populations in the Northwest have not recovered and are currently listed as threatened species under the Endangered Species Act. In addition to the loss of diversity from stocks that have already gone extinct, decreased genetic diversity resulting from genetic drift and inbreeding is a major concern. Reduced population and genetic variability diminishes the environmental adaptability of individual species and entire ecological communities. The Nez Perce Tribe (NPT), in cooperation with Washington State University and the University of Idaho, established a germplasm repository in 1992 in order to preserve the remaining salmonid diversity in the region. The germplasm repository provides long-term storage for cryopreserved gametes. Although only male gametes can be cryopreserved, conserving the male component of genetic diversity will maintain future management options for species recovery. NPT efforts have focused on preserving salmon and steelhead gametes from the major river subbasins in the Snake River basin. However, the repository is available for all management agencies to contribute gamete samples from other regions and species.</span></span></p>	chinook-salmon-gamete-preservation	2	1	3	4	2
36	2024-04-30 12:57:55.504726-07	2024-04-30 13:43:26.61619-07	t	Watershed Monitoring and Evaluation	<p>An understanding of aquatic habitat conditions, fish species distribution, and relative fish abundance is fundamental to prioritization of salmonid habitat restoration actions. Likewise, evaluations of the effects that implemented actions have on habitat condition and fish abundance are instrumental to adaptive management of restoration strategies. Given this, the Nez Perce Tribe (NPT) Watershed M&amp;E project is monitoring the status of habitat conditions and fish assemblages throughout data-poor reaches of NPT habitat project areas to guide prioritization of restoration actions. This project also conducts effectiveness monitoring on subsets of NPT habitat projects to aid in adaptive management of restoration strategies.</p>	stream-evaluation	71	1	115	4	71
17	2023-10-12 08:32:37.966712-07	2024-02-28 08:29:03.534384-08	t	Grande Ronde Supplementation	<p>Snake River spring/summer Chinook salmon comprise substantial ecological, economic, and cultural value. Populations in the Grande Ronde basin of northeastern Oregon and southwestern Washington reached critically low abundances in the mid-1990s. Only 11 Chinook salmon redds were found in the Lostine River during extensive spawning ground surveys in 1995. Numerous management actions were and continue to be implemented in efforts to recover Snake River spring/summer Chinook salmon and mitigate for lost harvest opportunities. Principal to these actions in the Lostine River is supplementation of the natural population with hatchery-reared fish derived from endemic broodstock. Hatchery supplementation for the Lostine River began in 1995 with a captive broodstock program that was operated through 2010. A conventional broodstock program was initiated in 2000 and became the sole source of hatchery produced fish for the Lostine River in 2012. A research project was initiated in 1998 to monitor and evaluate Lostine River spring/summer Chinook salmon.</p>	grande-ronde-supplementation	2	1	1	5	53
32	2024-01-17 10:18:51.545841-08	2024-01-23 12:56:30.421463-08	t	Snake River Remote Population Monitoring	<p>The aim of the Snake River Remote Population Monitoring project is to provide adult escapement and life history monitoring for spring-summer run Chinook salmon and summer-run steelhead for many populations throughout the basin. Adult escapement monitoring is largely based on systematic PIT-tagging of adults at the fish ladder trapping facility at Lower Granite Dam and subsequent detection of those adults at instream PIT-tag detection systems (IPTDS) located in spawning tributaries throughout the basin, and to a lesser degree, detections at weirs and during carcass surveys. Sex information from a <a href="https://www.tandfonline.com/doi/abs/10.1080/00028487.2012.690816" title="https://www.tandfonline.com/doi/abs/10.1080/00028487.2012.690816" target="_blank">Y-chromosome specific assay</a> and age information derived from <a href="https://collaboration.idfg.idaho.gov/FisheriesTechnicalReports/Res15-03Wright2014Process%20and%20Methods%20for%20Assigning%20Ages%20to%20Anadromous%20Salmonids.pdf" title="https://collaboration.idfg.idaho.gov/FisheriesTechnicalReports/Res15-03Wright2014Process%20and%20Methods%20for%20Assigning%20Ages%20to%20Anadromous%20Salmonids.pdf" target="_blank">scale analysis</a> are further used to parse adult escapement by sex and age; combined this information can be used to perform population productivity and extinction risk analyses. The project also supports the operations and maintenance of IPTDS throughout the Snake River Basin to ensure reliable detection of adults during their spawning migration.</p>	snake-river-basin-population-monitoring	2	1	10	10	2
34	2024-01-24 11:07:55.173392-08	2024-05-21 16:34:13.377517-07	t	Aquatic Invasive & Nuisance Species Management Program	<p>Aquatic invasive species pose an existential threat to the health and persistence of natural resources managed by the Nez Perce Tribe (Tribe), and by extension, treaty rights reserved by the Nez Perce Tribe’s 1855 Treaty. The Tribe’s fishery management activities, administered by the Department of Fisheries Resources Management (DFRM), encompass a vast geographic area of over 13 million acres within the present-day states of Idaho, Oregon, Washington, and Montana. The DFRM’s stated mission is to protect and restore aquatic resources and habitats consistent with the Nez Perce way of life and beliefs. The Tribe’s aquatic resource management emphasis includes native diversity, long-term demographic viability, harvest sustainability, resilience to disturbances (e.g., climate change), and other indicators of aquatic resource health.</p><p>Although primarily focused on native anadromous and resident fish species, the DFRM Management Plan identifies exotic species as “invasive non-native species that pose a threat to the delicate balance of full and stable ecosystem processes.” The Aquatic Invasive Species Management Program integrates all aspects of the department’s resource management activities across all DFRM Divisions (i.e., Harvest, Production, Research, and Watershed). The program addresses: prevention; early detection and monitoring; rapid response; research and innovation; community engagement, education and outreach; and, policy, regulation and governance.</p>	invasive-species-managment-figure-out-what-the-best-name-is	10	1	33	31	4
5	2023-10-12 07:49:24.98591-07	2024-02-26 15:21:51.069809-08	t	Snake Basin Coho Salmon Reintroduction Program	<p>Coho salmon were functionally extirpated from the Snake River basin by 1984; and as early as 1927 in the Clearwater River basin, when the Lewiston Dam was constructed (now removed). As a consequence, the Snake Basin Coho Salmon Reintroduction Program’s mission is to restore Snake River coho salmon populations to levels of abundance and productivity sufficient to support a sustainable&nbsp;run capable of annual Tribal harvest in the Clearwater River and the Grande Ronde River subbasins. The program’s goal is to reestablish an annual escapement of 14,000 and 7,000 coho salmon adults in the Clearwater and Grande Ronde subbasins, respectively, to support natural production and sustainable harvest levels for both treaty and non-treaty fisheries. </p><p>In 1994, the Nez Perce Tribe initiated its Clearwater River Basin Coho Restoration Project through agreements in the U.S. v. Oregon forum that reprogrammed lower Columbia River Mitchell Act hatcheries to produce coho salmon for release in the Clearwater River subbasin. In 2017, the NPT expanded the program and reintroduced coho into the Grande Ronde subbasin. Reintroducing coho salmon to Northeast Oregon will continue to provide measurable harvest benefits that these fish provide for treaty and non-treaty fisheries in the mainstem Columbia River, and develop fisheries in the Clearwater and Grande Ronde rivers. Concurrently this program could effectively reestablish coho salmon natural production in the Lostine River and provide the opportunity for natural recolonization of coho in Grande Ronde tributaries that historically produced coho salmon.</p>	snake-river-coho-restoration	2	1	1	2	4
2	2023-10-03 14:35:58.774165-07	2024-04-23 07:54:53.745315-07	t	Imnaha River Steelhead Status and Smolt Monitoring Project	<p>In 2018 the Bonneville Power Administration proposed merging two monitoring projects in the Imnaha River Subbasin for the purpose of efficiency. Both the 1997-015-01 Imnaha River Smolt Monitoring Project and the 2010-032-00 Imnaha River Steelhead Status Monitoring Project were contracted with the Nez Perce Tribe and conducted by staff from the Nez Perce Tribe’s Joseph Field Office in northeast Oregon.&nbsp; This "newly" merged project remains under Project 1997-015-01, and retitled the "Imnaha River Steelhead Status &amp; Smolt Monitoring project."<br><br>The Imnaha Smolt Monitoring Project was and is a long term project. Since 1994 it has operated as part of the Smolt Monitoring by Non-Federal Entities (Project No. 198712700) and is highly coordinated with the Fish Passage Center’s Smolt Monitoring Program (SMP).&nbsp; It is also closely coordinated with the Lower Snake River Compensation Plan (LSRCP) hatchery evaluation studies in the Imnaha River. The LSRCP program provides cost-share funds which ensures that the collection of essential emigration information continues through the fall and winter periods on the Imnaha River. This allows for comprehensive estimates of Chinook and steelhead smolt production on an annual basis. The Smolt Monitoring Project also provides assessment of juvenile salmonid survival and smolt-to-adult returns estimates to Lower Granite Dam (LGR) and beyond.<br><br>Imnaha River Steelhead Status Monitoring Project is a former “Fast Track” project that was initiated in 2011. It provides population status and trend information for Imnaha steelhead Major Population Group (MPG). Information regarding Snake River steelhead is considered a high priority for informing managers. Population abundance and productivity data are used by multiple entities in the Columbia Basin. Most important is the ability to describe a population’s abundance relative to management goals, quasi-extinction thresholds, sustainable harvest, and ecological process. The Imnaha River MPG is unique in the Snake River DPS in that: 1) the subbasin is physically small enough to conduct sampling of steelhead (mainstem flow and manageable number of spawning/rearing aggregates), 2) has a dendritic structure of spawning areas occurring across the entire range of elevations available to Snake basin DPS steelhead (spawning in areas from 1,000 feet up to 6,000 feet), and 3) has a supplementation program occurring in just one of its spawning aggregates.<br><br><br class="ProseMirror-trailingBreak"></p>	imnaha-river-smolt-monitoring-project	3	1	77	77	22
18	2023-10-12 08:33:34.960139-07	2024-05-20 14:39:42.008469-07	t	Lochsa Watershed Restoration and Coordination	<p>This project is an ongoing part of the Watershed Restoration Partnership between the Nez Perce Tribe, the Nez Perce Clearwater National Forest (NPC) and BPA. This project is a combination of two continuing BPA and NPT restoration projects; Project 1996-077-03, Project 2002-074-00, and an extension of the project area to include the entire Lochsa Watershed rather than just the upper sub watershed. This project unification has significantly increased administrative and financial efficiency in order to maximize the direct benefit to fish and wildlife. The Nez Perce Tribe's Watershed Division views restoration from a ridge top to ridge top approach, with implementation focused on decreasing sediment inputs into area streams, increasing aquatic habitat connectivity, decreasing resource impacts from roads, and eradicating exotic, invasive plants. The cost share for this project has been contributed by the NPC which provides an approximate 21% match including cash and in-kind contributions. Project planning and implementation responsibilities are also shared with the Forest, as they have been for nearly 24 years. In 2020, the Tribe's Watershed Division entered into an agreement with Trout Unlimited to provide increased capacity and expertise for in-stream habitat work, data collection for meadow restoration projects, and project development across the project area. To date, the NPT/NPC partnership has re-opened access to nearly 103 miles of habitat, removed approximately 570 miles of roads through decommissioning or abandonment, improved 38 miles of road, planted 848 acres of native plants and trees, and treated over 5,879 acres of invasive, non-native plants. In 2016, the Nez Perce Tribe, BPA, Forest Service, Idaho Department of Fish and Game, Idaho Department of Environmental Quality, NOAA, and several other partners gathered the most current fish and physical habitat data to collaboratively prioritize watershed areas and restoration actions. The process, known as ATLAS, is an evidence-based prioritization framework and a 20-year strategic action plan to maximize biological benefit and return on investment.&nbsp; As the Lochsa ATLAS is implemented and adaptively managed, projects are selected from or added to the action plan each year for implementation. All projects selected for implementation in this contract are a result of collaboration between the Nez Perce Tribe's Lochsa Watershed and our partners on the NPC. The restoration actions identified are directly informed by the continuing assessment of existing and changing conditions in the watershed. Occasionally, projects are developed from naturally occurring events such as landslides or road failures.</p><p><br><br class="ProseMirror-trailingBreak"></p>	clearwater-watershed-restoration-and-coordination	2	1	133	135	98
\.


--
-- Data for Name: administration_project_project_leader; Type: TABLE DATA; Schema: public; Owner: postgres
--

COPY public.administration_project_project_leader (id, project_id, user_id) FROM stdin;
1	1	44
2	2	22
3	1	63
4	3	4
6	5	64
7	6	65
8	7	66
11	10	68
12	11	69
13	12	70
15	14	8
16	15	72
18	17	74
21	19	51
22	20	21
23	21	76
25	23	77
26	24	34
27	24	19
28	24	78
29	18	67
35	27	85
36	28	77
39	31	51
40	29	86
41	30	79
42	32	27
44	33	53
45	34	4
46	5	4
47	17	46
49	36	71
\.


--
-- Data for Name: administration_subproject; Type: TABLE DATA; Schema: public; Owner: postgres
--

COPY public.administration_subproject (id, created_at, updated_at, is_active, name, description, created_by_id, division_id, img_banner_id, img_card_id, lead_id, project_id, updated_by_id, sort_order) FROM stdin;
34	2024-01-24 11:33:48.932273-08	2024-01-24 11:33:48.932273-08	t	Adult B-Run Steelhead Monitoring	<p>Monitoring of returning adult B-Run steelhead is an ongoing project activity.  Hatchery releases of Lolo Creek and South Fork Clearwater River adult B-Run steelhead are monitored and tracked back to the Clearwater River Basin to estimate smolt to adult returns and evaluate hatchery production programs. </p>	21	1	45	4	21	20	21	3
37	2024-01-25 11:51:35.662443-08	2024-01-25 13:43:44.582822-08	t	Clearwater Basin In-Hatchery Evaluations and Marking Project	<p>The Clearwater Basin In-Hatchery Evaluations and Marking Project is a subproject of the Nez Perce Tribal Hatchery - Monitoring and Evaluation Project.</p>	34	1	51	4	34	24	34	3
63	2024-04-30 13:08:29.50741-07	2024-05-01 09:49:44.192797-07	t	Status Monitoring	<p>Aquatic habitat and snorkel or, as conditions dictate, electrofishing surveys are conducted upon probabilistically located sites throughout drainages and stream reaches which lack sufficient data for effective prioritization of habitat restoration actions. Fish and habitat metrics derived from the survey data are used to populate matrices for the Bonneville Power Administration’s Atlas prioritization framework to develop guidance documents for regional habitat restoration implementors.</p>	71	2	128	4	71	36	71	1
23	2023-11-15 14:20:55.27653-08	2024-02-29 12:56:36.813789-08	t	South Fork Salmon Salmon River Watershed	<p>The South Fork Salmon River watershed encompasses approximately 840,000 acres – less than 1% privately owned, another 1% state owned, and the remaining 98% publicly owned and managed by the USFS. The Boise NF manages the southern portion of the SFSR watershed and the Payette NF manages the northern portion. Major tributaries within this watershed include the East Fork of the South Fork of the Salmon River, Secesh River, and Johnson Creek (refernce map if possible). The SFSR originates in the mountains of central Idaho (approximately 20 miles east of Cascade, Idaho) and flows into the main stem of the Salmon River near Mackay Bar, Idaho.</p><p>Restoring the South Fork Salmon River Story Map: <a href="https://www.arcgis.com/apps/MapJournal/index.html?appid=a8d0a9003d2e4ac297da83ca6f3d53b6" target="_blank">https://www.arcgis.com/apps/MapJournal/index.html?appid=a8d0a9003d2e4ac297da83ca6f3d53b6</a> </p>	81	2	18	5	81	11	81	1
39	2024-01-25 15:22:36.847864-08	2024-01-25 15:22:36.847864-08	t	Hatchery Operations and Maintenance	<p>Run the Nez Perce Tribal Hatchery</p>	2	4	2	4	78	24	2	1
38	2024-01-25 13:42:48.086258-08	2024-01-29 13:20:45.421658-08	t	Nez Perce Tribal Hatchery - Monitoring and Evaluation Project	<p>The Nez Perce Tribal Hatchery (NPTH) - Monitoring and Evaluation project is designed to comprehensively evaluate NPTH effects and provide standardized performance measures to enable adaptive management of the program.</p>	34	1	56	4	34	24	34	1
18	2023-10-31 14:08:19.132663-07	2024-01-16 15:59:28.649532-08	t	Centralized Data Resources	<p>Developing ways to improve accessibility to our data resources through optimized data flows by automating routine data management tasks.</p>	4	1	8	2	4	3	3	1
40	2024-01-30 14:25:37.231371-08	2024-02-20 13:20:46.327305-08	t	Chinook Salmon Monitoring and Evaluations	<p>Chinook Salmon Monitoring and Evaluations</p>	34	1	61	4	19	24	19	7
36	2024-01-24 14:42:57.071639-08	2024-02-26 13:36:23.074356-08	t	Snake River Coho Restoration Operations & Maintenance	<p>PCSRF</p>	4	4	6	4	64	5	4	2
1	2023-10-03 14:39:46.663318-07	2024-01-17 10:41:53.156565-08	t	Monitoring and Evaluations	<p>The Mission of the Research division is to contribute to sound fisheries management through best available science. This involves collection of status and trends data, conduct of management action effectiveness monitoring, and communication of knowledge (and uncertainties) that are unbiased, objective, collaborative, and available to the community at large.</p>	44	1	20	3	44	1	2	1
5	2023-10-04 13:08:50.420201-07	2024-01-24 09:22:55.76035-08	t	Data Management Solutions	<p>Tools, toys and troubleshooting...all things related to electronic data.</p><p>Does your project have data? Let us help you manage it! Electronic data capture using ArcGIS Survey123 forms has revolutionized the way we capture and store our spawning ground survey data. With simple forms available on tablets and smart phones, data collection has been streamlined with built in validations and automated data import into CDMS. Electronic forms can be built to project needs and specifications necessary to suit the data being captured. The support does not end at electronic forms, we provide additional trainings if needed and are on standby to assist in any troubleshooting needs your project and staff may have. Support ranges from computer purchasing needs, Office 365 assistance, CDMS needs, and more!</p>	4	1	25	5	5	3	5	1
47	2024-04-22 11:03:35.012047-07	2024-04-22 11:03:35.012047-07	t	Fall Chinook Acclimation Project (FCAP) Operations and Maintenance	<p><br class="ProseMirror-trailingBreak"></p>	3	4	3	4	12	31	3	1
3	2023-10-04 10:59:37.834752-07	2024-04-23 11:41:23.458258-07	t	Juvenile Monitoring	Monitoring of juvenile fish.	2	1	78	4	17	2	22	1
4	2023-10-04 11:13:06.791264-07	2024-04-23 14:39:26.63194-07	t	Adult Steelhead Monitoring	Monitor steelhead adults returning to the Imnaha River.	2	1	32	4	47	2	22	2
54	2024-04-24 11:25:18.673878-07	2024-04-24 11:28:09.287453-07	t	TT 3125 PALS	<p>PALS (Post Assisted Log Structures) are a inexpensive and valuable tool that aid in adding complexity to simplified stream channels.  PALS have been installed through TT 3125 in an effort to add complexity and habitat for all life stages of ESA listed A-Run Steelhead, and reintroduced Spring/Summer Chinook &amp; Coho Salmon.  This project is ongoing and will be adapted to changing conditions through the reach.  </p>	72	2	97	4	72	15	72	3
32	2024-01-24 07:17:37.051755-08	2024-01-24 11:25:50.853902-08	t	Juvenile Steelhead Monitoring	<p>Two juvenile fish traps are operated from March to June and from October to November.  The traps are located at Lolo Creek at river kilometer 21 and at the South Fork Clearwater River at river kilometer 9.  Additionally, the project uses hook and line to capture and mark juvenile steelhead during July.  Captured juvenile fish are identified by species, run, and rearing type, and enumerated.  Juvenile steelhead are sampled for life history characteristics and marked with PIT tags for mark-recapture estimates and for estimating downstream survival.</p>	21	1	44	4	39	20	21	1
33	2024-01-24 08:11:44.517239-08	2024-01-24 11:27:23.798598-08	t	Adult A-Run Steelhead Monitoring	<p>Adult steelhead abundance in the lower Salmon and Clearwater rivers is monitored at multiple tributaries; each for 1-2 years before moving to the next set of tributaries.  Monitoring is accomplished by installing seasonal Instream PIT Tag Detection Systems and weirs in some tributaries. Estimates from PIT tag detections are made using the DABOM model and compared to mark-recapture estimates if a weir was installed with the seasonal Instream PIT Tag Detection System. </p>	21	1	41	4	39	20	21	2
35	2024-01-24 11:59:59.666723-08	2024-01-25 08:17:29.794166-08	t	Identify Limiting Factors	<p>Any potential issues that may negatively affect population growth and productivity of steelhead within the Clearwater River Basin are investigated by this project.  The project is currently assisting with an evaluation of a potential fish passage velocity barrier on the South Fork Clearwater River for this subproject.</p>	21	1	47	4	21	20	21	4
30	2024-01-22 14:38:10.111132-08	2024-02-05 17:23:04.999415-08	t	Research & Planning	<p>Research and Planning subproject description.</p>	53	1	35	4	53	33	53	1
22	2023-11-15 14:20:21.877435-08	2024-01-17 15:42:49.180895-08	t	Big Creek Watershed	<p>Located northeast of the South Fork Salmon River watershed, the Big Creek watershed encompasses approximately 380,000 acres and drains into the Middle Fork Salmon River. Federal land in the Big Creek watershed is managed by the Payette NF and is comprised primarily of wilderness (Frank Church - River of No Return Wilderness) and inventoried roadless areas (90% and 7%, respectively). Private in-holdings make up less than 1% of the Big Creek watershed, totaling 3,380 acres divided into 19 properties. Much of this private land is in Edwardsburg, Idaho, where private landowners hold 700 acres adjacent to one of the most important Chinook salmon spawning sites in the drainage (NMFS, 2013).</p>	81	2	20	5	83	11	81	2
2	2023-10-04 10:46:06.795491-07	2024-01-17 15:09:46.388352-08	t	Operations and Maintenance	<p>The JCAPE Operations and Maintenance (O&amp;M) program utilizes portable, low-capital facilities for trapping and holding adult salmon used as broodstock. Egg incubation and juvenile rearing occur in existing McCall Fish Hatchery facilities. Smolts produced from the program are directly released into Johnson Creek. Annual releases of artificially reared progeny from 100% wild-origin adults was initiated in 2000.</p>	2	4	24	4	63	1	44	1
24	2023-11-15 14:21:29.830332-08	2024-01-17 15:48:55.427954-08	t	Little Salmon River Watershed	<p>The Little Salmon River (LSR) watershed differs from the South Fork Salmon River and Big Creek watersheds in tribal fish harvest, as well as land use and ownership. The LSR watershed currently comprises over 70% of the entire Chinook salmon harvest fishery for the Nez Perce Tribe (unpublished Tribe harvest data). Therefore, the Little Salmon River contributes to more Chinook salmon harvest than all other streams combined from both the Salmon and Clearwater watersheds. As Nez Perce Tribal members consume more salmon than the average American (EPA, A Fish Consumption Survey of the Nez Perce Tribe, 2016), it is therefore critical that the fish they consume are taken from cold, clean water with reduced pollutants. The upper portion of the LSR watershed does not currently support anadromous fish, is 58% in private ownership, is heavily grazed, and has Total Maximum Daily Loads (TMDLs) for water temperature, E. coli, and total phosphorous (IDEQ, 2017). The headwaters of the LSR watershed lie primarily in the Payette NF, where two large dams retain irrigation water through the summer in Brundage and Goose Reservoirs. The LSR becomes much larger in the Meadows Valley, where grazing is the primary land use and surface water is diverted to inundate pastureland, causing thermal impairment. The lower portion of the LSR watershed currently supports Chinook salmon, steelhead, and bull trout with spawning and rearing habitat, is over 75% in federal ownership, and experiences less water quantity and water temperature impairment due to the inflow of tributaries. However, the lower LSR has been impaired by physical substrate habitat alterations (IDEQ, 2017), and the LSR parallels US Highway 95 for most of its length. Additionally, water quality issues of elevated temperature, bacteria, and nutrients from the upper area do impact the lower area of this watershed. <a href="https://littlesalmonriverwatershedcollaborative.com" title="https://littlesalmonriverwatershedcollaborative.com" target="_blank">https://littlesalmonriverwatershedcollaborative.com</a></p>	81	2	19	16	82	11	81	3
28	2024-01-22 12:49:26.33129-08	2024-01-22 13:24:56.396668-08	t	Adult Escapement and Life History Monitoring	<p>The project provides adult escapement and life history monitoring for tributaries and populations within the Snake River spring/summer Chinook salmon evolutionary significant unit (ESU) and Snake River steelhead distinct population segment (DPS). Estimates of adult escapement are based on systematic trapping and PIT-tagging of adults at Lower Granite Dam (LGR) during their return from the ocean and subsequent detection of those adults at instream PIT-tag detection systems (IPTDS), weirs, and during carcass recovery surveys. Trapping at LGR is coordinated by NOAA Fisheries (BPA project 2005-002-00) and operations and maintenance of IPTDS is coordinated under the Integrated IPTDS O&amp;M project (BPA project 2018-002-00). Further, the Idaho Steelhead Monitoring and Evaluation Studies (BPA project 1990-055-00) and the Idaho Natural Production Monitoring and Evaluation Program (BPA project 1991-073-00) coordinate the biological sampling of adults at LGR which provides length, age, and passage timing data. Further, the Snake River Genetic Stock Identification (BPA project 2010-026-00) provides sex for each adult as well as SNP genotype data useful for genetic structure and diversity analysis. This information combined is used to parse adult escapement estimates by sex, age, and length which allows monitoring of population productivity using metrics including recruits-per-female through time which is useful for extinction risk and viability analyses.</p>	27	1	33	4	27	32	27	1
31	2024-01-22 14:59:08.570618-08	2024-02-28 16:30:55.888685-08	t	Monitoring and Evaluations	<p>Our aim is to provide essential data for the adaptive management of Lostine River spring/summer Chinook salmon, with a focus on evaluating the effectiveness of hatchery supplementation and the status and trend of natural-origin Chinook salmon. To achieve that goal, we assess a suite of abundance, productivity, and life history metrics for hatchery- and natural-origin fish. The project also assesses bull trout and steelhead captured at the Lostine River weir.</p>	53	1	14	4	46	17	53	1
42	2024-03-04 08:52:26.561785-08	2024-03-04 09:35:39.553555-08	t	Selway River	<p>The Selway River is located in the Clearwater Subbasin and is a tributary to the Middle fork Clearwater River.&nbsp; The watershed is approximately 1,288,196 acres with the headwaters near the Idaho-Montana border flowing 102 miles to its mouth at Lowell, Idaho.&nbsp; The watershed area is dominated by federally owned and administered lands (Nez Perce - Clearwater and Bitterroot National Forests) and is located within the ceded territory of the Nez Perce Tribe.&nbsp; The drainage encompasses 21 major sub-watersheds and numerous face drainages.&nbsp; Approximately 90% of the Selway subbasin is federally designated Selway-Bitterroot Wilderness area with the 10% non-wilderness and private lands located in the lower seven miles of the river .&nbsp;The Selway River is a designated Wild and Scenic River under the Wild and Scenic River Act of 1968.&nbsp; Elevation Ranges from 1,400 to almost 9,100 feet.&nbsp; The variation is elevation is matched by an equally wide range in average perception from 38 inches near Fenn Ranger Station to 64 inches at Twin Lakes SNOTEL station.</p>	76	2	66	4	76	21	76	1
48	2024-04-22 11:04:04.870588-07	2024-04-22 11:04:04.870588-07	t	Harvest Monitoring	<p><br class="ProseMirror-trailingBreak"></p>	3	3	3	4	8	31	3	1
55	2024-04-24 11:33:47.339107-07	2024-04-24 11:37:00.011155-07	t	Sweetwater Ford Removal and AOP Installation	<p>The NPT DFRM Watershed Division Lapwai Creek Project is partnering with a local landowner to improve a stream crossing in Sweetwater Creek. The project will remove and rehab an agricultural ford impacting stream habitat and fish passage, and replace it with an approved AOP crossing that will allow free passage of all life stages of ESA listed A-Run Steelhead, as well as reintroduced Spring/Summer Chinook &amp; Coho Salmon.</p>	72	2	98	4	72	15	72	4
67	2024-05-28 11:03:32.77926-07	2024-05-28 11:42:26.714407-07	t	Lost Creek (5601) Road Improvement.	<p>FSR 5601 extends west into the Lost Creek drainage from FSR 107. Past the three-mile point, the road has been unused for over 10 years and has several areas of saturation along with plugged and failing cross drain culverts. In addition, there is thick vegetation, several gullies along the road surface, and areas of fill slope slumping. This project, which was identified in the ongoing Lochsa ATLAS strategic prioritization process, will provide road drainage improvement and stabilization for approximately 6.1 miles of FSR 5601. Work will include stabilizing cut slopes, adding cross drain culverts, reconditioning the road prism, re-shaping the ditch, and spot surfacing. Originally paired with replacement of three larger culverts, one of which would be an AOP, the project will be phased, with phase one being the road improvement. Additional work, including culvert replacements, will take place in out years.</p><p>FSR 5601 lies in LAS 8, the Middle Lochsa/north face tributaries;(Weir Creek to Tick Creek). LAS 8 is a tier II BSR, and though large, it has limited opportunities for restoration actions because much of it has not been subject to intensive forest management. Contract through the USFS drainage improvement and surfacing of approximately 6.1 miles of FSR 5601, including road surface reconditioning, re-shaping ditch, rock buttressing saturated cut slopes, replacing up to 24 ditch relief culverts, and installing up to two (2) road closure devices (gates) per forest requirements. Work to stabilize road, reduce both chronic and acute sediment delivery and provide for future culvert replacement (AOP) on road.<br><br class="ProseMirror-trailingBreak"></p>	98	2	138	4	67	18	98	3
69	2024-05-28 11:53:51.953485-07	2024-05-28 12:03:02.132665-07	t	Treat Exotic Invasive Species	<p>This restoration action was identified collaboratively, including Forest Service staff, in 2016 during the development of the Lochsa ATLAS within all nine of the Sub-watersheds. Revegetation success with past projects has been limited by the invasion of noxious weed species. In addition, infestations of noxious weeds often increase local soil erosion and create reduced organic matter for soil development. Without incorporating treatment of noxious weeds into our projects we will ultimately limit our success in restoration, particularly where reduction of sediment and revegetation are concerned. We expect to treat approximately 470 acres of invasive plants using chemical and mechanical means. Although most of these areas were selected for treatment by comprehensive inventories completed as part of our treatment and inventory during the 2020 field season, the exact locations will be determined based on updated field surveys, the Weed Treatment Plans completed under previous contracts, as well as the Integrated Invasive Species Management Plan. We also treat new invaders or newly discovered infestations as opportunity provides.</p>	98	2	141	4	98	18	98	5
71	2024-05-28 12:38:14.503847-07	2024-05-28 13:27:27.296254-07	t	Pete King Creek PALS	<p>The project is located on the Lochsa-Powell Ranger District of the Nez Perce - Clearwater National Forests, along an approximately one quarter mile stretches of Pete King Creek roughly four miles from its confluence with the Lochsa. The site can be reached from Forest Road 453, from its start off Highway 12. Road 453 ends at a turn-around where it becomes trail 105. Pete King was extensively burned in the 1934 fire and lacks the old growth cedar forest that typifies many drainages in the Lochsa. This results in a lack of large wood in the riparian zone – large wood that would naturally fall and create jams and complex habitat. In addtion, the geology of the Pete King drainage creates a high amount of sediment that is slow to move through the system. PALS - structures that look a little like fences woven with brush – can mimic naturally occurring large wood, and can help redistribute sediment, create scour, activate the floodplain and create more complex habitat. Particularly in lower gradient reaches of the stream. The goal of this project is to improve fish habitat complexity by increasing scour, pool development and the accompanying channel substrate re-distribution.</p><p>PALS stands for 'Post Assisted Log Structures' which are created by driving untreated wood posts into the stream bottom along a line (roughly 18" -24" apart), and then weaving the line of posts with branches. Previous projects of this type have shown that such structures create local scour pools, bank scour, and can re-distribute substrate to provide more complex fish habitat and spawning gravels. Willow, alder and cascara used for weaving will be harvested in a sustainable manner.</p>	98	2	143	4	67	18	98	7
46	2024-04-22 11:02:50.330042-07	2024-04-22 11:02:50.330042-07	t	Monitoring and Evaluation	<p><br class="ProseMirror-trailingBreak"></p>	3	1	3	4	51	31	3	1
25	2024-01-10 09:12:46.302585-08	2024-02-26 15:24:05.6993-08	t	Snake Basin Coho Monitoring & Evaluations	<p>The Nez Perce Tribe’s overall goal for the Snake Basin Coho Salmon Reintroduction program is to reintroduce and restore coho salmon to levels of abundance and productivity sufficient to support sustainable runs and annual Tribal harvest. The coho reintroduction program focuses on the establishment of a localized coho salmon stock capable of enduring the migration to the back to areas where they were released. Accompanying that goal is a desire to monitor and evaluate the results of the coho salmon restoration program so that operations can be managed to optimize hatchery and natural production and minimize deleterious ecological impacts. Pursuant to this informed adaptive management approach, research data collection and analysis for the coho restoration M&amp;E program aspires to: 1) provide science-based recommendations for management and policy consideration; 2) evaluate coho abundances relative to the reintroduction restoration goals (annual escapement of 14,000 coho to the Clearwater River Subbasin); and, 3) assist in the reestablishment of tribal and recreational fisheries.</p><p>A base level of hatchery-origin coho salmon monitoring and evaluation has been started with Mitchell Act Grant funding and until recently with some limited Pacific Coastal Salmon Recovery Funds.&nbsp; In 2023, the Pacific Coastal Salmon Recovery Funds will be increased to provide for more robust Monitoring and Evaluation in the Snake and Clearwater river basins.&nbsp; Evaluations will occur at the release from each hatchery (individual hatchery release performance), release location (individual and total aggregate released at each location), and adults returning to the basin and stream to include the following objectives:</p><p><br><em><strong>Objective 1</strong></em>. Estimate adult returns of abundance and distribution (adult escapement and distribution, redd surveys, hatchery broodstock, PIT tag detections) to Bonneville Dam, Lower Granite Dam, and upstream tributaries.</p><p><em><strong>Objective 2</strong></em>. Estimate juvenile migration and survival metrics (to and through the Snake and Columbia River hydrosystem).</p><p><em><strong>Objective 3</strong></em><strong>.</strong> Estimate contributions to ocean, Columbia River mainstem, and tributary fisheries.</p><p><em><strong>Objective 4</strong></em><strong>.</strong> Estimate productivity measures of smolt-to-adult survival, recruit per spawner, an adult-to-adult return rates.</p><p><em><strong>Objective 5</strong></em><strong>.</strong> In-hatchery production survival and growth monitoring.</p><p><em><strong>Objective 6</strong></em>. Provide pre- and in-season adult run forecasting.</p><p><br><br><br><br><br class="ProseMirror-trailingBreak"></p>	10	1	2	4	4	5	4	1
64	2024-04-30 13:13:57.095451-07	2024-05-01 09:32:16.779753-07	t	Trend Monitoring	<p>The Nez Perce Tribe concluded collaborative efforts with the Bonneville Power Administration’s Action Effectiveness Monitoring program (AEM) in 2022, the final year scheduled for AEM surveys. Findings from this programmatic study will assist future NPT habitat restoration strategies. The Watershed M&amp;E project is conducting additional effectiveness monitoring for a small subset of NPT habitat projects which may benefit from information beyond that provided through AEM synthesis. Pre and post-implementation habitat and snorkel surveys are conducted throughout treatment and control reaches established for these projects to evaluate response of aquatic habitat and, when possible, fish metrics to specific restoration actions for adaptive management of implementation strategies.</p>	71	2	112	4	71	36	71	1
52	2024-04-24 11:09:19.297183-07	2024-04-24 11:11:11.281516-07	t	Sweetwater Creek Aquatic Ecosystem Restoration	<p>Partnering with the United States Army Corps of Engineers, the NPT DFRM Watershed - Lapwai Creek Project is working towards restoring three sections of Lower Sweetwater Creek, a major tributary to Lapwai Creek, to it’s proper ecological function.  The project locations exist entirely on Individual Tribal Allotments and is currently the only USACE Tribal Partnership Project to do so.  This unique opportunity allows Private Nez Perce Tribal Landowners to have input into the restoration of this culturally significant stream towards its full potential.</p>	72	2	95	4	72	15	72	1
56	2024-04-24 11:46:02.475381-07	2024-04-24 11:46:02.475381-07	t	Lapwai Creek Invasive Species Program	<p>The Lapwai Creek Invasive Species Program is in the early stages of implementing a watershed-wide approach to reducing and eliminating invasive terrestrial plants that impact native riparian and upland plants and a healthy native ecosystem.</p>	72	2	100	4	72	15	72	5
66	2024-05-28 10:53:08.478913-07	2024-05-28 11:39:14.567884-07	t	Indian Grave Creek Confluence Realignment Design.	<p>Indian Grave Creek, and its confluence with the mainstem Lochsa, was moved and extensively modified during the construction of US Highway 12 along the Lochsa River, sometime in the late 1940s. The existing channel is steep, narrow, and creates a velocity barrier to salmonids in Indian Grave Creek. The Nez Perce Tribe, together with the Nez Perce-Clearwater National Forest has completed a considerable amount of restoration work in the Indian Grave Creek drainage, including having removed all other passage barriers at road crossings along FSR 107. In fact, the last passage barrier was removed under this contract during the 2016 Saddle Camp Re-Route project. This project, which was identified in the ongoing Lochsa ATLAS strategic prioritization process, will result in a design for a realigned channel extending from the south side of US Highway 12, down to its confluence with the Lochsa. Trout Unlimited, through its partnership with the NPT Watershed Division, will contract a professional engineering firm to create a channel design of appropriate bankful width, grade, and grade control to allow passage of all aquatic species. Design will include proposed route, cut and fill quantities as appropriate, natural channel design with rock grade control structures, and placement of large wood along the proposed channel. It is assumed all material for construction will be available along the channel route. Design should be ready for NEPA and Cultural Resource analysis upon completion.This project lies in both LAS6 - Mainstem Lochsa, and LAS1A, Parachute to Post Office Creeks, both of which are tier I BSRs, as identified in the ATLAS process.<br><br class="ProseMirror-trailingBreak"></p>	98	2	137	4	67	18	98	2
49	2024-04-23 17:14:10.254478-07	2024-06-10 14:09:10.800915-07	t	Nutrient Enhancement	<p>The presence of adult salmonid carcasses in streams is known to improve both growth and survival of juvenile salmonids. Densities of juvenile steelhead are also know to increase following carcass additions to treatment streams. Nutrients from adult carcasses are transferred to juvenile fish by direct consumption of the decaying flesh and eggs from the spawning event. In addition, more prolonged benefits result from the increased biomass of aquatic macroinvertebrates which in turn are consumed by juvenile steelhead. Motivated by this knowledge, we proposed to increase nutrients in the Little Sheep Creek system by outplanting endemic hatchery steelhead carcasses back to their stream of origin. Little Sheep Creek is a tributary to the Imnaha River with a hatchery supplementation program for A-run steelhead developed through the Lower Snake River Compensation Program.</p><p>&nbsp;Our specific objectives are to:</p><p>1.&nbsp;&nbsp;&nbsp;&nbsp;&nbsp; Enhance marine-derived nutrients in Little Sheep Creek for the benefit of juvenile steelhead.</p><p>2.&nbsp;&nbsp;&nbsp;&nbsp;&nbsp; Mimic the natural pathways and timing of nutrients available in the Little Sheep Creek food web.</p><p>3.&nbsp;&nbsp;&nbsp;&nbsp;&nbsp; Minimize the potential for unintended or negative sociological impacts from carcass placements and especially limit large accumulation of carcasses in any one location.</p><p>Our carcass release protocols are guided by multiple publications including:</p><ul><li><p>CCFEG. 2011. Assessing Sources for Nutrient Enhancement. Cascade Columbia Fisheries Enhancement Group. 38pp.</p></li><li><p>DFO Canada. 2000. Guidelines for the in-stream placement of hatchery carcasses. Department of Fisheries and Oceans. Vancouver, Canada.</p></li></ul><ul><li><p>HSRG. 2004. Using hatchery salmon carcasses for nutrification of freshwater ecosystems while reducing associated fish health risks. Hatchery Reform: Principles and Recommendations – April 2004. Hatchery Scientific Review Group.</p></li><li><p>Michael, J.H. 2002. Protocols and Guidelines for Distributing Salmonid Carcasses, Salmon Carcass Analogs, and Delayed Release Fertilizers to Enhance Stream Productivity in Washington State. Washington Department of Fish and Wildlife. March 2002.</p></li></ul>	22	1	90	4	22	2	22	3
68	2024-05-28 11:15:27.582649-07	2024-05-28 11:35:26.50321-07	t	Bald Mountain ITD Site Rehabilitation	<p>This restoration action was identified collaboratively with the help of Forest Service staff during the continued implementation of the Lochsa ATLAS evidence-based prioritization framework. The Bald Mountain site is in LAS 6, Lochsa mainstem, which is a Tier I BSR. Located at mile 128 on US Highway 12, Bald Mountain is a former Idaho Transportation Department road maintenance facility and USFS river access site. ITD stored several thousand cubic yards of rock salt uncovered on the site for over four years. In 2017, the site was decommissioned in favor of a larger facility on the uphill side of the highway. The remaining gravel parking area is contaminated with salt, which has delivered chlorides to the Lochsa via rain and snow runoff. While chlorides move easily through groundwater and damage has already occurred (with attendant mortality of riparian trees) there is still the potential for continued additional delivery to the riparian area along the Lochsa as well as to the Lochsa River itself. The Lochsa Watershed Project intends to remove some of the contaminated gravel, bring in clean fill, grade the area to control drainage and stop delivery of saline runoff to the river, and finally plant with salt tolerant plant species. Because the site also includes outfitter parking and a boat ramp, there may also be an opportunity for public outreach through interpretive signage. Late delivery of project designs will require the project be 'phased' and this year will include limited excavation, placement of rock, and planting. Additional work will take place in out years.</p><p>&nbsp;<br><br class="ProseMirror-trailingBreak"></p>	98	2	139	4	67	18	98	4
41	2024-03-04 08:50:37.829479-08	2024-03-13 14:47:26.246082-07	t	Lolo Creek	<p>Lolo Creek, located within the Clearwater River subbasin, is a tributary to the Clearwater River.&nbsp;&nbsp; The watershed is approximately 157,000 acres and is located within the 1855 treaty territory of the Nez Perce Tribe on a matrix of federal, state, and private land.&nbsp; Elevations range from 1,118 to 5,240 feet.&nbsp; The climatic conditions vary with the changes in elevation and terrain, with annual precipitation increasing from 25 inches to more than 70 inches at Hemlock Butte in the headwaters.</p><p><a href="https://youtu.be/XOi_QkhNkYk?si=L_1ynoFyAc6jdmU_" target="_blank">https://youtu.be/XOi_QkhNkYk?si=L_1ynoFyAc6jdmU_</a></p><p><a href="https://youtu.be/DrEDXgTfkhI?si=69RmwpuBQreuUWW0" target="_blank">https://youtu.be/DrEDXgTfkhI?si=69RmwpuBQreuUWW0</a></p><p><a href="https://youtu.be/DwgDSWDuumI?si=gflkbc9dLtLd75L3" target="_blank">https://youtu.be/DwgDSWDuumI?si=gflkbc9dLtLd75L3</a></p><p><a href="https://youtu.be/RVsTp5ou0pQ?si=dkML8HEwg53IVcow" target="_blank">https://youtu.be/RVsTp5ou0pQ?si=dkML8HEwg53IVcow</a></p><p><a href="https://youtu.be/vej5zeqF22k?si=HSpK3D38-KkA0qAg" target="_blank">https://youtu.be/vej5zeqF22k?si=HSpK3D38-KkA0qAg</a></p><p><a href="https://bda-explorer.herokuapp.com/projects/101" target="_blank">https://bda-explorer.herokuapp.com/projects/101</a></p><p><a href="https://bda-explorer.herokuapp.com/projects/200" target="_blank">https://bda-explorer.herokuapp.com/projects/200</a></p><p><a href="https://bda-explorer.herokuapp.com/projects/102" target="_blank">https://bda-explorer.herokuapp.com/projects/102</a></p>	76	2	68	4	76	21	76	1
45	2024-04-17 09:36:19.845911-07	2024-04-17 09:36:19.845911-07	t	Slate Creek	<p>The Slate Creek Watershed, a major tributary to the Lower Salmon River, lies approximately 20 air miles south of Grangeville, Idaho and east of the Salmon River.&nbsp; Slate Creek is a 5th Code HUC and joins the Salmon River approximately 10 miles south of White Bird, Idaho at river mile 66.&nbsp;The watershed encompasses 83,034 acres of which 77,200 (93%) are located on National Forest lands.&nbsp; Ownership of non-National Forest lands consists of State of Idaho (108 acres), Bureau of Land Management (1,125 acres), and private (4,600 acres).&nbsp; Like other watersheds in the Salmon River subbasin, Slate Creek has steep, rugged topography ranging from approximately 7,900 feet to 1,560 feet above sea level.&nbsp; Primary focal fish species in this watershed include Chinook (<em>Oncorhynchus tshawytscha</em>) - Snake River Spring/Summer (threatened and critical habitat) and steelhead (<em>Oncorhynchus mykiss</em>) - Snake River DPS (threatened and critical habitat). Secondary focal species include westslope cutthroat trout (<em>Oncorhynchus clarkii lewisi</em>), Pacific lamprey (<em>Entosphenus tridentata</em>), bull trout (<em>Salvelinus confluentus</em>) (threatened and critical habitat), resident rainbow trout (<em>Oncorhynchus mykiss</em>), mountain whitefish (<em>Prosopium williamsoni</em>), and western pearlshell Mussels (<em><span style="color:#202124;">Margaritifera falcata</span></em><span style="color:#202124;">)</span>.&nbsp;Slate Creek has been a very high priority for restoration within the Lower Salmon subbasin because of its high potential aquatic productivity, intact aquatic assemblages, and current conditions and processes affected by past management activities.&nbsp;&nbsp;Slate Creek is uniquely valuable to a variety of aquatic species when compared to other watersheds of comparable size in the Lower Salmon Subbasin, and it has been suggested that Slate Creek is perhaps the highest aquatic restoration priority watershed in the Lower Salmon subbasin.&nbsp; The watershed currently supports year-round use and access for three listed species of fish under ESA: spring/summer Chinook, steelhead, and bull trout.&nbsp; The drainage contains a mix of high elevation cold-water sources and potentially high value spawning and rearing resident fish habitat in the low gradient streams common in the low relief parts of the watershed, and spawning and rearing habitat for spring Chinook and steelhead in mainstem Slate Creek.</p>	66	2	3	4	66	7	66	2
43	2024-03-04 14:32:43.449582-08	2024-04-17 10:11:29.021999-07	t	South Fork Clearwater River	<p>The South Fork Clearwater River (SFCR) project area includes approximately 301,000 acres and is located 12 miles southeast of Grangeville, Idaho.&nbsp; Tributaries of the SFCR drain a diverse area of forested mountains, rolling hills, and steep stream and river canyons.&nbsp; The climate varies from hot and dry at lower elevations to more cool and moist mountainous areas. Land ownership is primarily U.S. Forest Service (92%) with private, Bureau of Land Management, and state lands accounting the remaining 8%.&nbsp; Anadromous fish habitat quality has been reduced to varying degrees through the area due to alterations of watershed characteristics by human land use, degrading the aquatic ecosystem and altering habitat.&nbsp;The SFCR, a tributary to the Clearwater River, is home to Chinook (<em>Oncorhynchus tshawytscha</em>) - Snake River spring/summer (not listed), Snake River Fall Chinook, steelhead (<em>Oncorhynchus mykiss</em>) - Snake River Distinct Population Segment (DPS) (threatened and critical habitat), westslope cutthroat trout (<em>Oncorhynchus clarkii lewisi</em>), Pacific lamprey (<em>Entosphenus tridentata</em>), bull trout (<em>Salvelinus confluentus</em>) (threatened and critical habitat), resident rainbow trout (<em>Oncorhynchus mykiss</em>), and western pearlshell mussels (<em>Margaritifera falcata</em>).&nbsp;</p>	66	2	73	4	66	7	66	1
53	2024-04-24 11:14:10.938457-07	2024-04-24 11:20:09.728634-07	t	TA 369B Webb Road Bridge and Stream	<p>This project will realign and restore a simplified section of Sweetwater Creek, as well as replacing a drastically undersized bridge. The bridge causes juvenile salmonid stranding during high flow events, flooding for adjacent Tribal Landowners, and upstream aggradation and downstream degradation of stream channel, impacting habitat for all life stages of ESA listed A-Run Steelhead, and reintroduced Spring/Summer Chinook &amp; Coho Salmon.</p>	72	2	96	4	72	15	72	2
57	2024-04-25 10:38:40.678844-07	2024-04-25 10:49:35.766743-07	t	Crooked River Valley Restoration	<p>Crooked River, along with many of the other tributaries to the South Fork Clearwater, was dredge mined in the 1930’s through 1950’s, which left the river channel in an unnatural meandering pattern with dredge ponds and tailings piles throughout. In 2012, the Nez Perce Tribe and Nez Perce Clearwater National Forest, funded by BPA, partnered to develop a restoration project in the Lower two miles of Crooked River that would specifically focus on restoring the processes in Crooked River to address processed-based limiting factors. These include restoring the hydrologic functions, channel geomorphology, sediment routing and recruitment, and floodplain connection, which will improve riparian vegetation, large wood recruitment and off-channel habitat in the long term. All of these actions have the long-term goal of improving spawning, and summer and winter rearing habitats for salmon and steelhead in the lower 2 miles of Crooked River.</p><p>In order to restore the lower 2 miles of Crooked River a multi-phased/multi-year project was developed. The entire project includes grading 77 of acres of floodplain, reconstructing 7,500 feet of new river channel, installing over 60 large woody debris structures, floodplain roughness, and replanting all of the disturbed area with native vegetation.<br><br><br class="ProseMirror-trailingBreak"></p>	90	2	108	4	65	6	90	1
50	2024-04-24 09:37:06.091398-07	2024-04-24 09:41:52.436905-07	t	Newsome Creek Watershed Restoration	<p style="text-align:justify"><span style="color:#fbca04;">Newsome Creek is a main tributary to the South Fork Clearwater River and has historically been a stronghold for steelhead and Chinook Salmon. Past land management activities, in particular, dredge mining, have severely degraded spawning and rearing habitat for these species. This project proposes to restore degraded habitats through a comprehensive restoration program focusing primarily on the mainstem channel, floodplain, riparian corridor, and other needs in the drainage.</span></p><p style="text-align:start"><span style="color:#fbca04;">Newsome Creek is a very high priority for restoration within the South Fork Clearwater subbasin because of its high potential aquatic productivity, intact aquatic assemblages, and current conditions and processes affected by past management activities. Past management activities have most significantly affected sediment regimes as a result of road building and mining. In addition, in-stream and near-stream activities have affected channel morphology, cover, and habitat complexity. Mining, livestock grazing, road construction, timber harvest, and removal of large wood have contributed to altered habitat conditions. More subtle alteration of the complexity of aquatic habitat at the landscape scale has been caused by fire exclusion and timber harvest.</span></p><p><br class="ProseMirror-trailingBreak"></p>	90	2	91	4	70	12	90	1
58	2024-04-25 11:25:45.693263-07	2024-04-25 11:25:45.693263-07	t	American River Restoration	<p>American River is located in the Clearwater Sub basin and is also a main tributary to the South Fork Clearwater River. The watershed is 58,612 acres. The upper watershed is primarily administered by the USFS and the lower portion around Elk City Township is administered by the B.L.M. or is in private ownership. American River is also located within the ceded territory of the Nez Perce Tribe.</p><p>American River has also been significantly affected by human activity. Loss of riparian and floodplain connection from historic mining, roads, grazing, agriculture, and private property development has had the greatest impact on aquatic health in this watershed. Projects that focus on reconnecting floodplains by reducing stream incision through grazed and agricultural areas, removing/relocating stream side roads, and removing mine tailings will have the greatest impact on aquatic organisms in this watershed.</p>	90	2	109	4	65	6	90	2
51	2024-04-24 10:02:09.517546-07	2024-04-24 10:05:24.012746-07	t	Red River Watershed Restoration	<p><span style="color:#fbca04;">The Red River watershed is a very large and important watershed within the South Fork of the Clearwater River Subbasin. The watershed contains a disproportionately high amount of the aquatic potential in the South Fork Clearwater River Subbasin, therefore playing a vital role in aquatic species conservation and recovery (USDA 1999). The Red River watershed is approximately 103,348 acres in size and arises from Dixie Summit in the south and an area near Red River Hot Springs in the northeast, and then flows into the South Fork Clearwater River below Elk City, Idaho.</span></p><p style="text-align:start"><span style="color:#fbca04;">Red River has had a large amount of management activity. The watershed has been affected by historic mining, a moderate level of roads that encroach on stream/riparian processes, and grazing effects along the mainstem. The aquatic condition and the population dynamics of aquatic species have been influenced by this change in disturbance regimes. There has been a reduction in habitat condition based on both the change in disturbance frequency, and the streams’ sensitivity to change. The watershed has changed from a condition with patches of active disturbance/recovery, surrounded by areas of stable, high-quality habitat, to a condition of homogenously degraded habitat (USDA 1998). The ability of aquatic species to persist has been reduced, and the ability to rebuild or re-found areas from local stronger populations has also been reduced (USDA 1998).</span></p><p style="text-align:start"><span style="color:#fbca04;">Red River has spring Chinook salmon, steelhead, bull trout, and westslope cutthroat present in the watershed, with wide distribution (USDA 1998). While generally found in low numbers, there are pockets of higher densities. Pacific lamprey are found migrating into Red River in relatively high numbers. Brook trout, and small numbers of rainbow hatchery rainbow are present and widely distributed through the watershed with some areas of high density. Red River is considered a historic stronghold for all four fish species at risk assessed (USDA 1998).</span></p>	90	2	94	4	70	12	90	2
29	2024-01-22 12:50:14.335268-08	2024-05-07 10:42:56.060235-07	t	Instream PIT-Tag Detection Systems Operations & Maintenance	<p>The operational status of PIT tag arrays throughout the Snake River basin are monitored in near real-time often using cellular and satellite communications and using Biomark’s BioLogic (<a href="https://data3.biomark.com/" target="_blank">https://data3.biomark.com/</a>) database. The database allows us as users to set minimum threshold values for incoming site voltage as well as threshold values for noise levels and current for each antenna at a site. When BioLogic collects data from each PIT tag array, the last collected values are checked against establish thresholds; if the last values fall outside norms, BioLogic provides sends users an automated e-mail. NPT staff, with the assistance of Biomark staff, can then respond to resolve any site issues. In addition, environmental data at select sites, including water depth and air and water temperature are monitored and available to users via BioLogic. The values and graphical trends are automatically updated and checked by the management team on a daily or bi-daily basis (Orme and Albee 2016). PIT tag array maintenance occurs throughout the calendar year; however, instream components needing repair or replacement typically occurs during summer base flows. The systematic operations and maintenance of PIT tag arrays throughout the basis ensures reliable detection of PIT-tagged Chinook salmon and steelhead, among other species, integral for status and trends monitoring.</p>	27	1	29	4	49	32	27	1
65	2024-05-28 10:40:20.750731-07	2024-05-28 11:43:51.141563-07	t	Wispin`'iitpe. Packer Meadow/Road 373 Feasibility Study.	<p>This restoration action was identified collaboratively with the help of Forest Service staff during the development of the Lochsa ATLAS evidence-based prioritization framework, and through subsequent implementation of the ATLAS process. Packer Meadow is a high elevation natural meadow complex that lies in LAS3A, Crooked Fork, which is a tier I BSR as identified in the ATLAS strategic prioritization framework. Packer Meadow and Pack Creek, which flows through the meadow, have been altered by the addition of forest road 373 which was built through the meadow sometime prior to 1937, and re-built in the early1960s. Forest Road 373 was likely a primitive two track road and was apparently re-built with a raised road prism and an adjacent ditch on both the north and south sides of the road. It is likely these ditches were used for borrowing material for the road itself. FSR 373 crosses Packer Meadow, a culturally significant meadow complex of great importance to the Nez Perce People. The road is comparatively level across the meadow. The ditch on the north side of the road flows water year-round and appears to route water flowing from the slopes to the north of the meadow directly to Pack Creek, bypassing the meadow. This feasibility study, contracted through our partnership with Trout Unlimited, will provide a selection of alternative actions to modify or remove the portion of FSR 373 through Packer Meadow (Wispin`'iitpe), develop an alternate route to the south, and most importantly, restore meadow hydrology.<br><br><br><br class="ProseMirror-trailingBreak"></p>	98	2	136	4	67	18	98	1
70	2024-05-28 12:13:16.012376-07	2024-05-28 12:44:46.868417-07	t	Restoration Plant Collection and Planting	<p>This restoration action was identified collaboratively, including with Forest Service staff, in 2018 within the continuing implementation of the Lochsa ATLAS strategic prioritization. We will continue to collect restoration plant materials, and to subsequently plant the 'grown out' results of those collections. We will plant restoration sites in LAS 3B, LAS 1A, LAS 7 and LAS8. Each of these BSRs or "Biologically Significant Reaches" as identified in ATLAS has one or more restoration projects which will benefit from continued planting in both riparian and upland areas. NPT personnel will collect native shrub and riparian species cuttings and seed for propagation, and plant new restoration worksites and previously decommissioned road/stream crossings, culvert replacements, and other restoration worksites where there has been vegetation and/or soil disturbance. sites. We use native forb and shrub species to prevent erosion and establish a resilient native plant community that will help reduce the encroachment of invasive plants. Occasionally, we plant older restoration sites with tree species. We will collect native plant cuttings, seed, or berries for propagation at the regional Forest Service nursery in Coeur d'Alene to be grown out for subsequent years. Plants grown at the nursery are typically retrieved in September or October. The Tribe maintains a split order with the nursery to provide both one- and two-year-old plants. Restoration planting includes both upland and riparian planting. We maintain a stock of site appropriate plants for re-vegetation, so that we have plants available every fall. We will collect cuttings and seeds in the dormant season to provide to the Forest Service' s Coeur D'Alene Nursery for propagation. There is no ground disturbing activity with the collection of plant cuttings and seeds. We maintain a continuous supply of native plants for both upland and riparian sites through our collection and propagation with the USFS Coeur d'Alene nursery, and we collect and grow plants for future restoration projects.</p>	98	2	144	4	98	18	98	6
\.


--
-- Data for Name: administration_task; Type: TABLE DATA; Schema: public; Owner: postgres
--

COPY public.administration_task (id, created_at, updated_at, is_active, description, created_by_id, img_banner_id, img_card_id, subproject_id, supervisor_id, task_type_id, updated_by_id, sort_order) FROM stdin;
1	2023-10-03 14:40:41.429381-07	2024-01-16 15:59:55.508763-08	t	<p>The Nez Perce Tribe's Department of Fisheries Resources Management utilizes spawning and carcass surveys to gather information from returning anadromous and fluvial adult salmonids. Information is used for life history, abundance and productivity monitoring in the Snake River Basin. Data are utilized for hatchery effectiveness and status and trends evaluations. Population status and trend monitoring of natural and hatchery-origin fish is used for effective population management, assessing the effectiveness of conservation actions, viability, and recovery metric monitoring.</p>	44	13	25	1	50	3	3	1
2	2023-10-03 14:41:11.587877-07	2024-01-17 15:08:33.259758-08	t	<p>The Nez Perce Tribe's (NPT) Department of Fisheries Resources Management (DFRM) utilizes rotary screw traps (RSTs) as a collection tool for capturing and marking natural- and hatchery-origin juvenile Chinook Salmon (<em>Oncorhynchus tshawytscha</em>) and steelhead (<em>O. mykiss</em>) throughout various portions of the Snake River Basin. The information obtained is used to estimate population abundance, survival, productivity, and life history characteristics, which in turn are used to inform hatchery effectiveness and status and trends evaluations.</p>	44	26	26	1	37	4	44	1
3	2023-10-04 10:47:20.868657-07	2024-01-17 15:10:13.949536-08	t	<p>The JCAPE program relies upon a removable, picket-style weir to trap adult Chinook returning to Johnson Creek to spawn. Upon being trapped, biological data (length, sex, marks/tags) and a tissue sample are collected from each fish. Up to 104 natural-origin Chinook are selected as broodstock and are transferred to the McCall Fish Hatchery for artificial spawning. All other natural-origin fish are released upstream to spawn naturally. Hatchery-origin fish are either (1) released upstream for natural spawning (supplementation fish and/or ad-clipped strays) or (2) euthanized if/when the ad-clipped hatchery (stray) component comprises more than 10% of the naturally-spawning target population. All fish released above the weir are marked in a manner that identifies them as having been trapped at the weir (single, right operculum punch) and provides for subsequent mark/recapture abundance estimates.</p>	2	8	8	2	80	5	44	1
11	2024-01-22 15:01:46.20894-08	2024-01-22 15:10:24.916246-08	t	<p>Radio telemetry description…</p>	53	14	36	31	54	10	53	1
12	2024-01-22 15:24:16.833498-08	2024-01-22 15:24:16.833498-08	t	<p>Chinook SGS description…</p>	53	4	37	31	46	3	53	1
14	2024-01-24 15:42:07.644321-08	2024-01-24 15:42:07.644321-08	t	<p>Install and operate seasonal Instream PIT Tag Detection Systems and weirs for Steelhead from February to June</p>	21	4	40	33	39	5	21	2
15	2024-01-24 15:46:42.502697-08	2024-01-24 15:46:42.502697-08	t	<p>Query PTAGIS and maintain records of adults returns from juvenile hatchery steelhead releases into Lolo Creek and the South Fork Clearwater River. Obtain estimates of steelhead take from the DFRM Harvest Division and Idaho Fish and Game.</p>	21	4	45	34	21	6	21	1
13	2024-01-24 15:38:34.458765-08	2024-01-25 08:15:35.507985-08	t	<p>Operate a rotary screw trap in Lolo Creek and the South Fork Clearwater River from March to June and from October to December.</p>	21	38	48	32	39	4	21	1
16	2024-01-24 16:14:01.909479-08	2024-01-25 08:18:55.182943-08	t	<p>Identify and investigate potential issues and concerns that may affect the survival and productivity of steelhead within the Clearwater River Basin. </p>	21	47	46	35	21	6	21	4
18	2024-01-25 14:26:37.017922-08	2024-01-25 16:18:01.839273-08	t	<p>Passive Integrated Transponder (PIT) Tagging is a major task for the project. The use of PIT tags allow for the evaluation of abundance, survival, productivity, distribution and life history characteristics for hatchery releases. This project is responsible for the PIT tagging juvenile salmonids reared at several hatcheries throughout the Clearwater and Snake River Basin. The project PIT tags over 135,000 Spring Chinook, Fall Chinook and Coho each year.</p>	34	4	54	37	34	15	34	4
17	2024-01-25 13:53:44.883761-08	2024-01-25 16:01:05.857452-08	t	<p>The use of fin clips and coded wire tags (CWT’s) allow for the evaluation of abundance, survival, spawning distribution, and life history characteristics for hatchery releases. This project is responsible for the mass marking and tagging of juvenile salmonids reared at several hatcheries throughout the Clearwater and Snake River Basin. The project processes over 2.5 million Chinook and Coho each year utilizing an Automated Fish Tagging System (AFS). The AFS system allows us to excise adipose fins and inject CWTs without the use of anesthetics or human handling. Marking crews can process fish at rates as high as 8,000-10,000 fish per hour with accuracy above 98%.</p>	34	53	53	37	45	14	34	3
20	2024-01-29 16:25:53.339915-08	2024-01-30 09:08:54.152945-08	t	<p>The Clearwater Basin In-Hatchery Evaluation and Marking Project collects most of the project data from the tasks mentioned above or from the NPTH project. Data is recorded internally and stored on several regional and local databases. They include; RMIS, PTAGIS, FINS, CDMS, and other databases. Analysis and evaluations are provided through a variety of outlets including’ Statement of Work, Summary Reports, Annual Reports, Annual Operation Plans, participation in our 5-year Symposium, and through our participation in regional conferences and workshops.</p>	34	56	56	37	34	6	34	6
19	2024-01-25 16:31:28.332791-08	2024-01-29 11:37:31.722783-08	t	<p>Adult trapping and spawning is another major task for the project. It provides adult return information used to evaluate abundance, survival, life history characteristics and other In-Hatchery performance measures. NPTH spawns about 300 Spring Chinook Salmon and 800 Fall Chinook Salman, annually.</p>	34	55	55	37	34	5	34	5
4	2023-10-04 11:14:01.998781-07	2024-04-23 11:59:22.209456-07	t	Juvenile Chinook salmon and steelhead trapping.	2	82	83	3	54	4	22	1
28	2024-04-23 14:50:03.382835-07	2024-06-10 14:16:22.367541-07	t	<p><span style="color:black;">In addition to abundance, productivity and life history diversity, </span><strong><span style="color:black;">spatial distribution </span></strong><span style="color:black;">is also a useful VSP parameter in status and trend monitoring. Surveys are conducted on foot in the tributaries and from a cataraft on the mainstem. We document where Imnaha steelhead reproduce in the subbasin with geo-referenced redd locations, calculate redds/per kilometer and collect redd elevation data for many spawning tributaries as well as in the Imnaha mainstem.</span></p>	22	86	86	4	59	3	22	2
23	2024-02-01 10:25:39.277495-08	2024-02-05 10:13:54.104628-08	t	<p>Spring/summer Chinook spawning ground surveys and carcass collections are conducted in a number of streams within the Clearwater River subbasin.  <span style="color:rgb(33, 37, 41);">Information gathered is used for life history, abundance and productivity monitoring in the Clearwater River Subbasin.  Data are utilized for hatchery effectiveness and status and trends evaluations.  Population status and trend monitoring of natural and hatchery-origin fish is used for effective population management, assessing the effectiveness of hatchery supplementation, viability, and to assess adult return rates from different hatchery strategies.</span></p>	34	58	58	40	41	3	34	3
26	2024-02-28 08:34:17.033605-08	2024-02-28 08:34:17.033605-08	t	<p>placeholder - add different tasks</p>	53	4	34	30	87	13	53	1
24	2024-02-01 10:28:09.816979-08	2024-02-01 10:28:09.816979-08	t	<p>Fall Chinook redd survey conducted by drone on the lower Salmon River in cooperation with the USGS.</p>	34	4	59	40	41	3	34	4
25	2024-02-01 10:32:44.224086-08	2024-02-01 10:36:47.258432-08	t	<p>Lapwai Creek weir to capture returning spring Chinook Salmon.</p>	34	4	60	40	41	5	34	5
21	2024-01-30 15:26:22.0231-08	2024-02-05 09:54:35.693092-08	t	<p>The Chinook Salmon Monitoring and Evaluations Project utilizes rotary screw traps (RSTs) to collect emigrating natural and hatchery spring/summer Chinook in Lolo Creek and the South Fork Clearwater River from <span style="color:rgb(33, 37, 41);"><span style="background-color:rgb(207, 215, 219);">March to June and from October to December.  PIT (passive integrated transponder) tags are inserted in natural Chinook and hatchery fish are scanned for tags as a means to estimate survival to Lower Granite Dam, hatchery effectiveness, life history characteristics, and status and trends evaluations.</span></span></p>	34	63	64	40	41	4	34	1
22	2024-02-01 10:21:52.2544-08	2024-02-05 09:59:24.6705-08	t	<p>Beach seining haul on the lower Clearwater River targeting fall Chinook subyearlings for PIT tagging. Evaluation parameters for natural and hatchery fall Chinook captured include fish size, condition, growth rates if already PIT tagged, emigration timing and survival to the Snake and Columbia River dams along with life history Characteristics. &nbsp;</p>	34	57	57	40	41	9	34	2
27	2024-04-23 14:10:43.581482-07	2024-04-23 15:06:06.158506-07	t	<p><br class="ProseMirror-trailingBreak"></p>	22	86	87	3	17	8	22	2
29	2024-04-23 15:26:15.00766-07	2024-04-23 16:31:40.060787-07	t	<p>We desire natural/hatchery composition, age structure, sex ratios, size-at-maturity, tributary specific migration timing and tissue samples for future genetic analysis. For that type of biological information we use floating and picket weirs to trap and handle returning adults and acquire tissue samples in certain tributaries.</p>	22	88	89	4	47	5	22	1
30	2024-04-24 15:10:00.504967-07	2024-04-24 15:10:40.252451-07	t	<p>Tagging juvenile Chinook and steelhead inside the Imnaha River tagging tent</p>	22	105	105	3	61	16	22	1
\.


--
-- Data for Name: auth_group; Type: TABLE DATA; Schema: public; Owner: postgres
--

COPY public.auth_group (id, name) FROM stdin;
1	Admin
6	Guest
5	Technician
2	Manager
4	Professional
3	Project_leader
\.


--
-- Data for Name: auth_group_permissions; Type: TABLE DATA; Schema: public; Owner: postgres
--

COPY public.auth_group_permissions (id, group_id, permission_id) FROM stdin;
1	1	28
2	1	25
3	1	26
4	1	27
5	1	32
6	1	29
7	1	30
8	1	31
9	1	40
10	1	37
11	1	38
12	1	39
13	1	44
14	1	41
15	1	42
16	1	43
17	1	48
18	1	45
19	1	46
20	1	47
21	1	52
22	1	49
23	1	50
24	1	51
25	1	56
26	1	53
27	1	54
28	1	55
29	1	60
30	1	57
31	1	58
32	1	59
33	1	36
34	1	33
35	1	34
36	1	35
37	2	28
38	2	26
39	2	32
40	2	30
41	2	40
42	2	38
43	2	44
44	2	42
45	2	48
46	2	45
47	2	46
48	2	52
49	2	49
50	2	50
51	2	56
52	2	53
53	2	54
54	2	60
55	2	57
56	2	58
57	2	36
58	2	33
59	2	34
60	3	28
61	3	26
62	3	32
63	3	30
64	3	40
65	3	44
66	3	48
67	3	45
68	3	46
69	3	52
70	3	49
71	3	50
72	3	56
73	3	53
74	3	54
75	3	60
76	3	36
77	3	33
78	3	34
79	4	28
80	4	26
81	4	32
82	4	30
83	4	40
84	4	44
85	4	48
86	4	46
87	4	52
88	4	50
89	4	56
90	4	54
91	4	60
92	4	36
93	5	28
94	5	26
95	5	32
96	5	30
97	5	40
98	5	44
99	5	48
100	5	52
101	5	56
102	5	60
103	5	36
104	6	28
105	6	32
106	6	40
107	6	44
108	6	48
109	6	52
110	6	56
111	6	60
112	6	36
113	1	72
114	1	69
115	1	70
116	1	71
117	6	72
118	2	72
119	2	69
120	2	70
121	4	72
122	4	69
123	4	70
124	3	72
125	3	69
126	3	70
127	5	72
128	2	35
129	2	71
130	4	71
131	3	35
132	3	71
\.


--
-- Data for Name: auth_permission; Type: TABLE DATA; Schema: public; Owner: postgres
--

COPY public.auth_permission (id, name, content_type_id, codename) FROM stdin;
1	Can add log entry	1	add_logentry
2	Can change log entry	1	change_logentry
3	Can delete log entry	1	delete_logentry
4	Can view log entry	1	view_logentry
5	Can add permission	2	add_permission
6	Can change permission	2	change_permission
7	Can delete permission	2	delete_permission
8	Can view permission	2	view_permission
9	Can add group	3	add_group
10	Can change group	3	change_group
11	Can delete group	3	delete_group
12	Can view group	3	view_group
13	Can add content type	4	add_contenttype
14	Can change content type	4	change_contenttype
15	Can delete content type	4	delete_contenttype
16	Can view content type	4	view_contenttype
17	Can add session	5	add_session
18	Can change session	5	change_session
19	Can delete session	5	delete_session
20	Can view session	5	view_session
21	Can add object look up	6	add_objectlookup
22	Can change object look up	6	change_objectlookup
23	Can delete object look up	6	delete_objectlookup
24	Can view object look up	6	view_objectlookup
25	Can add user	7	add_user
26	Can change user	7	change_user
27	Can delete user	7	delete_user
28	Can view user	7	view_user
29	Can add profile	8	add_profile
30	Can change profile	8	change_profile
31	Can delete profile	8	delete_profile
32	Can view profile	8	view_profile
33	Can add image	9	add_image
34	Can change image	9	change_image
35	Can delete image	9	delete_image
36	Can view image	9	view_image
37	Can add department	10	add_department
38	Can change department	10	change_department
39	Can delete department	10	delete_department
40	Can view department	10	view_department
41	Can add division	11	add_division
42	Can change division	11	change_division
43	Can delete division	11	delete_division
44	Can view division	11	view_division
45	Can add project	12	add_project
46	Can change project	12	change_project
47	Can delete project	12	delete_project
48	Can view project	12	view_project
49	Can add subproject	13	add_subproject
50	Can change subproject	13	change_subproject
51	Can delete subproject	13	delete_subproject
52	Can view subproject	13	view_subproject
53	Can add task	14	add_task
54	Can change task	14	change_task
55	Can delete task	14	delete_task
56	Can view task	14	view_task
57	Can add Facility	15	add_facility
58	Can change Facility	15	change_facility
59	Can delete Facility	15	delete_facility
60	Can view Facility	15	view_facility
61	Can add group object permission	16	add_groupobjectpermission
62	Can change group object permission	16	change_groupobjectpermission
63	Can delete group object permission	16	delete_groupobjectpermission
64	Can view group object permission	16	view_groupobjectpermission
65	Can add user object permission	17	add_userobjectpermission
66	Can change user object permission	17	change_userobjectpermission
67	Can delete user object permission	17	delete_userobjectpermission
68	Can view user object permission	17	view_userobjectpermission
69	Can add document	18	add_document
70	Can change document	18	change_document
71	Can delete document	18	delete_document
72	Can view document	18	view_document
\.


--
-- Data for Name: common_objectlookup; Type: TABLE DATA; Schema: public; Owner: postgres
--

COPY public.common_objectlookup (id, created_at, updated_at, is_active, object_type, name, created_by_id, updated_by_id) FROM stdin;
1	2023-10-03 13:31:56.315346-07	2023-10-03 13:31:56.315346-07	t	Facility	Office	2	2
2	2023-10-03 13:31:56.32834-07	2023-10-03 13:31:56.32834-07	t	Facility	Hatchery	2	2
3	2023-10-03 13:31:56.33034-07	2023-10-03 13:31:56.33034-07	t	Task	Spawning Ground Surveys	2	2
5	2023-10-03 13:31:56.33334-07	2023-10-04 07:54:48.803049-07	t	Task	Adult Trapping	2	2
4	2023-10-03 13:31:56.331343-07	2023-10-04 07:54:59.101248-07	t	Task	Rotary Screw Trapping	2	2
7	2024-01-17 09:04:16.698271-08	2024-01-17 09:04:16.698271-08	t	Task	Operations and Maintenance	2	2
8	2024-01-17 09:04:55.493635-08	2024-01-17 09:04:55.493635-08	t	Task	Snorkel Surveys	2	2
9	2024-01-17 09:05:24.780129-08	2024-01-17 09:05:24.780129-08	t	Task	Juvenile Parr Tagging	2	2
10	2024-01-17 09:05:45.655121-08	2024-01-17 09:05:45.655121-08	t	Task	Radio Telemetry	2	2
6	2024-01-17 09:03:52.063453-08	2024-01-17 09:08:04.130679-08	t	Task	Data Management, Analysis, and Evaluations	2	2
11	2024-01-17 09:08:57.349368-08	2024-01-17 09:08:57.349368-08	t	Task	Road Surveys and Decommissioning	2	2
12	2024-01-17 09:10:09.465522-08	2024-01-17 09:10:09.465522-08	t	Task	Habitat Restoration	2	2
13	2024-01-17 09:10:52.121751-08	2024-01-17 09:10:52.121751-08	t	Task	Lake Surveys	2	2
14	2024-01-25 15:12:50.394796-08	2024-01-25 15:12:50.394796-08	t	Task	Coded Wire Tagging and Fin Clipping	2	2
16	2024-04-24 06:10:06.742591-07	2024-04-24 06:10:18.627168-07	t	Task	Juvenile PIT-Tagging	3	3
15	2024-01-25 15:13:18.303548-08	2024-04-24 06:10:27.764728-07	t	Task	Hatchery PIT-Tagging	2	2
\.


--
-- Data for Name: django_admin_log; Type: TABLE DATA; Schema: public; Owner: postgres
--

COPY public.django_admin_log (id, action_time, object_id, object_repr, action_flag, change_message, content_type_id, user_id) FROM stdin;
1	2023-10-03 13:34:59.075616-07	3	Butt Head	2	[{"changed": {"fields": ["First name", "Last name"]}}]	7	2
2	2023-10-03 13:35:13.185362-07	2	Ryan Kinzer	2	[{"changed": {"fields": ["First name", "Last name"]}}]	7	2
3	2023-10-03 13:39:02.453184-07	1	Lostine Weir	1	[{"added": {}}]	9	2
4	2023-10-03 13:40:00.94687-07	3	Butt Head	2	[{"changed": {"fields": ["Groups"]}}]	7	3
5	2023-10-03 13:40:12.084341-07	2	Clearwater River	1	[{"added": {}}]	9	2
6	2023-10-03 13:40:40.153105-07	2	Poop Face	2	[{"changed": {"fields": ["First name", "Last name"]}}]	7	3
7	2023-10-03 13:40:52.523521-07	3	Butt Head	2	[]	7	3
8	2023-10-03 13:41:21.953359-07	1	Fisheries Resources Management	1	[{"added": {}}]	10	2
9	2023-10-03 13:41:58.102653-07	2	Ryan Kinzer	2	[{"changed": {"fields": ["First name", "Last name", "Groups"]}}]	7	2
10	2023-10-03 13:55:47.552995-07	3	Tyler Stright	2	[{"changed": {"fields": ["First name", "Last name"]}}]	7	3
11	2023-10-04 07:54:48.803049-07	5	Adult Trapping	2	[{"changed": {"fields": ["Name"]}}]	6	2
12	2023-10-04 07:54:59.101248-07	4	Rotary Screw Trapping	2	[{"changed": {"fields": ["Name"]}}]	6	2
13	2023-10-04 08:04:48.538762-07	6	Dave Johnson	2	[{"changed": {"fields": ["Title"]}}]	8	2
14	2023-10-04 08:05:18.20023-07	38	Jay Oatman	2	[{"changed": {"fields": ["Title"]}}]	8	2
15	2023-10-04 08:05:51.385397-07	13	Sandra Islas	2	[{"changed": {"fields": ["Title"]}}]	8	2
16	2023-10-04 08:06:26.050482-07	7	Joe Oatman	2	[{"changed": {"fields": ["Title"]}}]	8	2
17	2023-10-04 08:58:04.925087-07	12	Mike Tuell	2	[{"changed": {"fields": ["Title"]}}]	8	2
18	2023-10-12 07:26:13.198818-07	2	Ryan Kinzer	2	[{"changed": {"fields": ["State"]}}]	8	2
19	2023-10-12 07:26:33.057012-07	2	Ryan Kinzer	2	[{"changed": {"fields": ["Title"]}}]	8	2
20	2023-10-12 07:26:46.192039-07	3	Tyler Stright	2	[{"changed": {"fields": ["Biography"]}}]	8	2
21	2023-10-12 07:27:08.298445-07	4	Clark Watry	2	[{"changed": {"fields": ["Title", "City", "State"]}}]	8	2
22	2023-10-12 07:27:22.811033-07	5	Samantha Smith	2	[{"changed": {"fields": ["Title", "City", "State"]}}]	8	2
23	2023-10-12 07:27:33.412658-07	6	Dave Johnson	2	[{"changed": {"fields": ["City", "State"]}}]	8	2
24	2023-10-12 07:27:46.639303-07	7	Joe Oatman	2	[{"changed": {"fields": ["Title", "City", "State"]}}]	8	2
25	2023-10-12 07:28:15.656625-07	8	Jack Yearout	2	[{"changed": {"fields": ["Title", "City", "State"]}}]	8	2
26	2023-10-12 07:28:41.155677-07	9	Adam Villavicencio	2	[{"changed": {"fields": ["Title", "City", "State"]}}]	8	2
27	2023-10-12 07:29:01.605904-07	10	Jason Vogel	2	[{"changed": {"fields": ["Title", "City", "State"]}}]	8	2
28	2023-10-12 07:29:17.706632-07	11	Becky Johnson	2	[{"changed": {"fields": ["Title", "City", "State"]}}]	8	2
29	2023-10-12 07:29:50.325455-07	12	Mike Tuell	2	[{"changed": {"fields": ["Title"]}}]	8	2
30	2023-10-12 07:30:00.775257-07	8	Jack Yearout	2	[]	8	2
31	2023-10-12 07:30:07.729621-07	12	Mike Tuell	2	[]	8	2
32	2023-10-12 07:30:16.025164-07	13	Sandra Islas	2	[]	8	2
33	2023-10-12 07:30:32.698386-07	13	Sandra Islas	2	[{"changed": {"fields": ["City", "State"]}}]	8	2
34	2023-10-12 07:30:41.38518-07	12	Mike Tuell	2	[{"changed": {"fields": ["City", "State"]}}]	8	2
35	2023-10-12 07:30:54.568383-07	14	Emmit Taylor	2	[{"changed": {"fields": ["Title"]}}]	8	2
36	2023-10-12 07:31:07.462059-07	14	Emmit Taylor	2	[{"changed": {"fields": ["City", "State"]}}]	8	2
37	2023-10-12 07:31:28.743666-07	15	Marcie Carter	2	[{"changed": {"fields": ["Title", "City", "State"]}}]	8	2
38	2023-10-12 07:31:41.808792-07	16	Ermie Whitman	2	[{"changed": {"fields": ["Title"]}}]	8	2
39	2023-10-12 07:31:52.029765-07	16	Ermie Whitman	2	[{"changed": {"fields": ["City", "State"]}}]	8	2
40	2023-10-12 07:32:12.997149-07	17	Lora Tennant	2	[{"changed": {"fields": ["Title", "City", "State"]}}]	8	2
41	2023-10-12 07:32:20.357017-07	3	Tyler Stright	2	[{"changed": {"fields": ["Title"]}}]	8	2
42	2023-10-12 07:32:36.031244-07	18	Jody Conner	2	[{"changed": {"fields": ["Title", "City", "State"]}}]	8	2
43	2023-10-12 07:32:48.398976-07	19	Billy Arnsberg	2	[{"changed": {"fields": ["Title", "City", "State"]}}]	8	2
44	2023-10-12 07:33:05.011363-07	21	Peter Cleary	2	[{"changed": {"fields": ["Title", "City", "State"]}}]	8	2
45	2023-10-12 07:33:44.204376-07	22	James Harbeck	2	[{"changed": {"fields": ["Title", "City", "State", "Biography"]}}]	8	2
46	2023-10-12 07:34:05.590392-07	27	Michael Ackerman	2	[{"changed": {"fields": ["Title", "City", "State"]}}]	8	2
47	2023-10-12 07:34:25.219823-07	33	Paulette Smith	2	[{"changed": {"fields": ["Title", "City", "State"]}}]	8	2
48	2023-10-12 07:34:55.308847-07	36	Jay Hesse	2	[{"changed": {"fields": ["Title", "City", "State"]}}]	8	2
49	2023-10-12 07:35:19.218571-07	39	Michael Kosinski	2	[{"changed": {"fields": ["Title", "City", "State"]}}]	8	2
50	2023-10-12 07:35:32.926659-07	39	Michael Kosinski	2	[{"changed": {"fields": ["Title"]}}]	8	2
51	2023-10-12 07:35:54.922053-07	40	Christine Nahsonhoya	2	[{"changed": {"fields": ["Title"]}}]	8	2
52	2023-10-12 07:36:16.255035-07	41	Morgan Sublett	2	[{"changed": {"fields": ["Title", "City", "State"]}}]	8	2
53	2023-10-12 07:36:28.589299-07	40	Christine Nahsonhoya	2	[{"changed": {"fields": ["City", "State"]}}]	8	2
54	2023-10-12 07:36:52.062678-07	42	Anthony Capetillo	2	[{"changed": {"fields": ["Title", "City", "State"]}}]	8	2
55	2023-10-12 07:37:05.967138-07	44	Craig Rabe	2	[{"changed": {"fields": ["Title", "City", "State"]}}]	8	2
56	2023-10-12 07:37:25.170027-07	45	Drew Wickard	2	[{"changed": {"fields": ["Title", "City", "State"]}}]	8	2
57	2023-10-12 07:37:46.433899-07	46	Brian Simmons	2	[{"changed": {"fields": ["Title", "City", "State"]}}]	8	2
58	2023-10-12 07:38:05.264619-07	47	Neal Espinosa	2	[{"changed": {"fields": ["Title", "City", "State"]}}]	8	2
59	2023-10-12 07:38:22.956721-07	63	John Gebhards	2	[{"changed": {"fields": ["Title", "City", "State"]}}]	8	2
60	2023-10-12 07:38:43.13254-07	59	Collin  Hendricks	2	[{"changed": {"fields": ["Title", "City", "State"]}}]	8	2
61	2023-10-12 07:39:01.350237-07	58	Frederick Haberman	2	[{"changed": {"fields": ["Title", "City", "State"]}}]	8	2
62	2023-10-12 07:39:22.931684-07	54	Ryan Rumelhart	2	[{"changed": {"fields": ["Title", "City", "State"]}}]	8	2
63	2023-10-12 07:39:40.413297-07	53	Shane Vatland	2	[{"changed": {"fields": ["Title", "City", "State"]}}]	8	2
64	2023-10-12 07:40:06.02767-07	51	William Young	2	[{"changed": {"fields": ["Title", "City", "State"]}}]	8	2
65	2023-10-12 07:40:25.656817-07	50	Douglas Nelson	2	[{"changed": {"fields": ["Title", "City", "State"]}}]	8	2
66	2023-10-12 07:40:56.72532-07	49	Cameron Albee	2	[{"changed": {"fields": ["Title", "City", "State"]}}]	8	2
67	2023-10-12 07:49:25.001536-07	5	Snake River Coho Restoration	1	[{"added": {}}]	12	2
68	2023-10-12 08:09:19.138986-07	59	Collin Hendricks	2	[{"changed": {"fields": ["First name", "Email"]}}]	7	2
69	2023-10-12 08:39:01.955582-07	3	Clark Watry	3		15	2
70	2023-10-12 09:34:31.999062-07	32	John Reynolds	2	[{"changed": {"fields": ["Email"]}}]	7	2
71	2023-10-12 09:39:36.590236-07	74	Rick Zollman	2	[{"changed": {"fields": ["Title"]}}]	8	2
72	2023-10-31 15:00:03.680801-07	20	Subproject object (20)	3		13	3
73	2023-11-15 08:31:52.776702-08	1	Admin	2	[{"changed": {"fields": ["Permissions"]}}]	3	3
74	2023-11-15 08:32:04.800932-08	6	Guest	2	[{"changed": {"fields": ["Permissions"]}}]	3	3
75	2023-11-15 08:32:17.863458-08	2	Manager	2	[]	3	3
76	2023-11-15 08:32:33.441663-08	2	Manager	2	[{"changed": {"fields": ["Permissions"]}}]	3	3
77	2023-11-15 08:32:48.873582-08	4	Professional	2	[{"changed": {"fields": ["Permissions"]}}]	3	3
78	2023-11-15 08:33:07.248579-08	3	Project_leader	2	[{"changed": {"fields": ["Permissions"]}}]	3	3
79	2023-11-15 08:33:26.639202-08	5	Technician	2	[{"changed": {"fields": ["Permissions"]}}]	3	3
80	2023-11-15 08:52:53.79834-08	3	Document object (3)	3		18	3
81	2023-11-15 08:52:53.79834-08	2	Document object (2)	3		18	3
82	2023-11-15 13:23:12.336852-08	11	Salmon River Watershed Restoration	2	[{"changed": {"fields": ["Project leader"]}}]	12	3
83	2023-11-15 14:03:34.904201-08	5	Document object (5)	3		18	3
84	2023-11-15 14:03:47.125153-08	26	Keisha's Test Project	3		12	3
85	2023-11-15 14:04:04.467515-08	12	Fish	3		9	3
86	2023-11-16 14:20:19.023827-08	7	Document object (7)	3		18	3
87	2024-01-10 10:11:18.351645-08	73	Mike Key	2	[{"changed": {"fields": ["Active"]}}]	7	3
88	2024-01-11 13:48:53.603538-08	2	Manager	2	[{"changed": {"fields": ["Permissions"]}}]	3	3
89	2024-01-11 13:49:02.728551-08	4	Professional	2	[{"changed": {"fields": ["Permissions"]}}]	3	3
90	2024-01-11 13:49:13.463282-08	3	Project_leader	2	[{"changed": {"fields": ["Permissions"]}}]	3	3
91	2024-01-17 09:03:52.063453-08	6	Data Analysis and Evaluations	1	[{"added": {}}]	6	2
92	2024-01-17 09:04:16.699272-08	7	Operations and Maintenance	1	[{"added": {}}]	6	2
93	2024-01-17 09:04:55.493635-08	8	Snorkel Surveys	1	[{"added": {}}]	6	2
94	2024-01-17 09:05:24.780129-08	9	Juvenile Parr Tagging	1	[{"added": {}}]	6	2
95	2024-01-17 09:05:45.655121-08	10	Radio Telemetry	1	[{"added": {}}]	6	2
96	2024-01-17 09:08:04.130679-08	6	Data Management, Analysis, and Evaluations	2	[{"changed": {"fields": ["Name"]}}]	6	2
97	2024-01-17 09:08:57.349368-08	11	Road Surveys and Decommissioning	1	[{"added": {}}]	6	2
98	2024-01-17 09:10:09.465522-08	12	Habitat Restoration	1	[{"added": {}}]	6	2
99	2024-01-17 09:10:52.121751-08	13	Lake Surveys	1	[{"added": {}}]	6	2
100	2024-01-17 10:44:59.994653-08	63	John Gebhards	2	[{"changed": {"fields": ["Profile Picture"]}}]	8	2
101	2024-01-17 10:45:50.894982-08	50	Douglas Nelson	2	[{"changed": {"fields": ["Profile Picture"]}}]	8	2
102	2024-01-17 10:47:34.847285-08	51	William Young	2	[{"changed": {"fields": ["Profile Picture"]}}]	8	2
103	2024-01-17 10:48:47.900424-08	37	Travis Hodsdon	2	[{"changed": {"fields": ["Profile Picture"]}}]	8	2
104	2024-01-17 10:50:02.510872-08	37	Travis Hodsdon	2	[{"changed": {"fields": ["Work phone"]}}]	8	2
105	2024-01-22 10:46:58.41016-08	27	Michael Ackerman	2	[{"changed": {"fields": ["Email"]}}]	7	3
106	2024-01-22 10:51:29.472716-08	27	Mike Ackerman	2	[{"changed": {"fields": ["First name"]}}]	7	3
107	2024-01-22 12:16:33.278637-08	27	Subproject object (27)	3		13	3
108	2024-01-25 15:12:50.410431-08	14	Coded Wire Tagging and Fin Clipping	1	[{"added": {}}]	6	2
109	2024-01-25 15:13:18.303548-08	15	Hatchery PIT-tagging	1	[{"added": {}}]	6	2
110	2024-02-05 09:05:33.332247-08	19	Billy Arnsberg	2	[{"changed": {"fields": ["password"]}}]	7	3
111	2024-02-05 09:47:36.220768-08	19	Billy Arnsberg	2	[{"changed": {"fields": ["Email"]}}]	7	3
112	2024-03-04 10:10:33.668732-08	8	Slate Creek Watershed Restoration	3		12	3
113	2024-03-04 10:10:33.685172-08	22	Selway River Watershed Restoration	3		12	3
114	2024-03-04 14:29:13.187624-08	21	Lolo Creek and Selway River Watershed Restoration	2	[{"changed": {"fields": ["Slug"]}}]	12	3
115	2024-03-04 14:29:51.692703-08	7	South Fork Clearwater River and Slate Creek Watershed Restoration	2	[{"changed": {"fields": ["Name", "Slug"]}}]	12	3
116	2024-04-15 12:52:13.025323-07	90	Jarrod Crow	2	[{"changed": {"fields": ["User permissions"]}}]	7	3
117	2024-04-22 11:05:35.671418-07	16	Fall Chinook Acclimation	3		12	3
118	2024-04-22 14:01:18.755724-07	22	James Harbeck	2	[{"changed": {"fields": ["Email"]}}]	7	3
119	2024-04-23 07:18:50.968223-07	22	James Harbeck	2	[{"changed": {"fields": ["User permissions"]}}]	7	3
120	2024-04-23 07:37:42.359783-07	22	James Harbeck	2	[{"changed": {"fields": ["Groups", "User permissions"]}}]	7	3
121	2024-04-23 10:18:33.193599-07	90	Jarrod Crow	2	[{"changed": {"fields": ["Groups"]}}]	7	3
122	2024-04-24 06:10:06.742591-07	16	Juvenile PIT Tagging	1	[{"added": {}}]	6	3
123	2024-04-24 06:10:18.627168-07	16	Juvenile PIT-Tagging	2	[{"changed": {"fields": ["Name"]}}]	6	3
124	2024-04-24 06:10:27.764728-07	15	Hatchery PIT-Tagging	2	[{"changed": {"fields": ["Name"]}}]	6	3
125	2024-04-24 16:26:00.21817-07	91	Abe Yearout	2	[{"changed": {"fields": ["Role", "Groups"]}}]	7	3
126	2024-05-15 09:22:18.317639-07	51	William Young	2	[{"changed": {"fields": ["Email"]}}]	7	3
127	2024-05-16 10:16:45.046497-07	98	Othoniel Lopez	2	[{"changed": {"fields": ["Groups"]}}]	7	3
\.


--
-- Data for Name: django_content_type; Type: TABLE DATA; Schema: public; Owner: postgres
--

COPY public.django_content_type (id, app_label, model) FROM stdin;
1	admin	logentry
2	auth	permission
3	auth	group
4	contenttypes	contenttype
5	sessions	session
6	common	objectlookup
7	account	user
8	account	profile
9	files	image
10	administration	department
11	administration	division
12	administration	project
13	administration	subproject
14	administration	task
15	administration	facility
16	guardian	groupobjectpermission
17	guardian	userobjectpermission
18	files	document
\.


--
-- Data for Name: django_migrations; Type: TABLE DATA; Schema: public; Owner: postgres
--

COPY public.django_migrations (id, app, name, applied) FROM stdin;
1	contenttypes	0001_initial	2023-10-03 13:25:25.010933-07
2	contenttypes	0002_remove_content_type_name	2023-10-03 13:25:25.03093-07
3	auth	0001_initial	2023-10-03 13:25:25.898931-07
4	auth	0002_alter_permission_name_max_length	2023-10-03 13:25:25.90593-07
5	auth	0003_alter_user_email_max_length	2023-10-03 13:25:25.916928-07
6	auth	0004_alter_user_username_opts	2023-10-03 13:25:25.923926-07
7	auth	0005_alter_user_last_login_null	2023-10-03 13:25:25.933928-07
8	auth	0006_require_contenttypes_0002	2023-10-03 13:25:25.937929-07
9	auth	0007_alter_validators_add_error_messages	2023-10-03 13:25:25.94493-07
10	auth	0008_alter_user_username_max_length	2023-10-03 13:25:25.954928-07
11	auth	0009_alter_user_last_name_max_length	2023-10-03 13:25:25.962928-07
12	auth	0010_alter_group_name_max_length	2023-10-03 13:25:25.975929-07
13	auth	0011_update_proxy_permissions	2023-10-03 13:25:25.984927-07
14	auth	0012_alter_user_first_name_max_length	2023-10-03 13:25:25.991931-07
15	account	0001_initial	2023-10-03 13:25:26.100929-07
16	account	0002_alter_user_options	2023-10-03 13:25:26.111933-07
17	admin	0001_initial	2023-10-03 13:25:26.14893-07
18	admin	0002_logentry_remove_auto_add	2023-10-03 13:25:26.162925-07
19	admin	0003_logentry_add_action_flag_choices	2023-10-03 13:25:26.173925-07
20	files	0001_initial	2023-10-03 13:25:26.232925-07
21	common	0001_initial	2023-10-03 13:25:26.297926-07
22	administration	0001_initial	2023-10-03 13:25:29.959473-07
23	administration	0002_alter_subproject_options_remove_subproject_slug_and_more	2023-10-03 13:25:30.091473-07
24	sessions	0001_initial	2023-10-03 13:25:53.55202-07
25	files	0002_alter_image_slug	2023-10-03 13:27:07.189877-07
26	guardian	0001_initial	2023-10-03 13:27:08.344883-07
27	guardian	0002_generic_permissions_index	2023-10-03 13:27:08.433878-07
28	perms	populate_groups	2023-10-03 13:27:08.999879-07
29	administration	0003_alter_subproject_name	2023-11-15 08:28:17.168019-08
30	files	0003_file	2023-11-15 08:28:17.326017-08
31	files	0004_document_delete_file	2023-11-15 08:28:17.437022-08
32	files	0005_alter_document_citation_alter_document_document_and_more	2023-11-15 08:28:17.572022-08
33	administration	0004_subproject_sort_order_task_sort_order	2024-01-11 13:45:47.028877-08
34	files	0006_alter_document_document	2024-01-11 13:45:47.060873-08
\.


--
-- Data for Name: django_session; Type: TABLE DATA; Schema: public; Owner: postgres
--

COPY public.django_session (session_key, session_data, expire_date) FROM stdin;
wtu7zrhcxny9wtkncihds70w2ov60tcw	.eJxVjEEOwiAQRe_C2hAKFIpL956BzAyDVA0kpV0Z765NutDtf-_9l4iwrSVunZc4J3EWWpx-NwR6cN1BukO9NUmtrsuMclfkQbu8tsTPy-H-HRTo5VsrAwGC02iSRfLG6ikpmy36ENxImr3LzqpASpnBeG2NZ6ZMIY8ap4HF-wPIhTdM:1qnm6O:RrvAsYDXOhtPGpExeAgU2zcF0NzgYd96kma8vFQS92U	2023-10-17 13:34:44.228571-07
ay059sed8mmat7nsys5v9z39rvys58lq	.eJxVjEEOwiAQRe_C2hA6lLbj0r1nIAMzSNXQpLQr492VpAvd_MV_L--lPO1b9nuV1c-szsqq0-8XKD6kNMB3KrdFx6Vs6xx0U_RBq74uLM_L4f4FMtXcsn1PAgnZTE6SCAN1owPijnCYIIlJxpnvokMJbIOxNjlE4TEMEEG9P_qFOGc:1qo1hr:KMjHFJarHVehmnqtIs5JDActClXEsbVJqX1B2JjxSqY	2023-10-18 06:14:27.638146-07
c1ki68ehwkedh3pxyo3pcup4bv4hk1tf	.eJxVjEEOwiAQRe_C2hAKFIpL956BzAyDVA0kpV0Z765NutDtf-_9l4iwrSVunZc4J3EWWpx-NwR6cN1BukO9NUmtrsuMclfkQbu8tsTPy-H-HRTo5VsrAwGC02iSRfLG6ikpmy36ENxImr3LzqpASpnBeG2NZ6ZMIY8ap4HF-wPIhTdM:1qqwcB:2gQV1mTFdEZsnUdF_A3zAtw5ByXGnynYBn1K52SyZXE	2023-10-26 07:24:39.581412-07
u4u29nbb2rauzxkbqfrc5fkzagku4zzn	.eJxVjEEOwiAQRe_C2hA6lLbj0r1nIAMzSNXQpLQr492VpAvd_MV_L--lPO1b9nuV1c-szsqq0-8XKD6kNMB3KrdFx6Vs6xx0U_RBq74uLM_L4f4FMtXcsn1PAgnZTE6SCAN1owPijnCYIIlJxpnvokMJbIOxNjlE4TEMEEG9P_qFOGc:1qvgzn:pEQZ9p4qS_Q0bmOEq-z70I8tFtX4gUoSKdNob7ZywmE	2023-11-08 08:44:39.618363-08
hom6eaajxc75ez95jryiu4t7ntlad4d7	.eJxVjEEOwiAQRe_C2hA6lLbj0r1nIAMzSNXQpLQr492VpAvd_MV_L--lPO1b9nuV1c-szsqq0-8XKD6kNMB3KrdFx6Vs6xx0U_RBq74uLM_L4f4FMtXcsn1PAgnZTE6SCAN1owPijnCYIIlJxpnvokMJbIOxNjlE4TEMEEG9P_qFOGc:1r3ImP:7iwPwC_zVAagzJPArPU7NMu2O2N7CfKcONApqShO6yM	2023-11-29 08:30:17.516426-08
evj6eb33x83broqd4hwx4pq4znoins6v	.eJxVjEEOwiAQRe_C2hA6lLbj0r1nIAMzSNXQpLQr492VpAvd_MV_L--lPO1b9nuV1c-szsqq0-8XKD6kNMB3KrdFx6Vs6xx0U_RBq74uLM_L4f4FMtXcsn1PAgnZTE6SCAN1owPijnCYIIlJxpnvokMJbIOxNjlE4TEMEEG9P_qFOGc:1r3NKT:aEF85FXxwgycXjwJtZ_4wpi3QsA-hSwwFWYfbsrq53w	2023-11-29 13:21:45.487203-08
rndrlcnjizroamho6igob6ijeknx5xv1	.eJxVjEEOwiAQRe_C2hA6lLbj0r1nIAMzSNXQpLQr492VpAvd_MV_L--lPO1b9nuV1c-szsqq0-8XKD6kNMB3KrdFx6Vs6xx0U_RBq74uLM_L4f4FMtXcsn1PAgnZTE6SCAN1owPijnCYIIlJxpnvokMJbIOxNjlE4TEMEEG9P_qFOGc:1rNd2S:QDtQ30af6bfQCqqOdQOcUP8IIt5EpPLUSHpiFnBKCW8	2024-01-24 10:10:52.736138-08
zo05doc89law46yvket1kktu7mbllk7k	.eJxVjEEOwiAQRe_C2hAKFIpL956BzAyDVA0kpV0Z765NutDtf-_9l4iwrSVunZc4J3EWWpx-NwR6cN1BukO9NUmtrsuMclfkQbu8tsTPy-H-HRTo5VsrAwGC02iSRfLG6ikpmy36ENxImr3LzqpASpnBeG2NZ6ZMIY8ap4HF-wPIhTdM:1rNhn2:dmnW3Jp-8NabBShi8EgCfGQWcCKVp0Wj9CUWeFd2svo	2024-01-24 15:15:16.499509-08
w2u81r9pbkns5zp3trpf5x6vp1gso4c7	.eJxVjEEOwiAQRe_C2hAKFIpL956BzAyDVA0kpV0Z765NutDtf-_9l4iwrSVunZc4J3EWWpx-NwR6cN1BukO9NUmtrsuMclfkQbu8tsTPy-H-HRTo5VsrAwGC02iSRfLG6ikpmy36ENxImr3LzqpASpnBeG2NZ6ZMIY8ap4HF-wPIhTdM:1rT8ck:aWl8zTeZg3jw0x60eDaoS1Y7NXxqRJ094aWlSDl-5iE	2024-02-08 14:55:06.049789-08
he4aezom35o811ixc8ig2zm3nr9ex4g2	.eJxVjEEOwiAQRe_C2hA6lLbj0r1nIAMzSNXQpLQr492VpAvd_MV_L--lPO1b9nuV1c-szsqq0-8XKD6kNMB3KrdFx6Vs6xx0U_RBq74uLM_L4f4FMtXcsn1PAgnZTE6SCAN1owPijnCYIIlJxpnvokMJbIOxNjlE4TEMEEG9P_qFOGc:1rX2PV:iQSdl5gmYJHNanIYUBH7WPWHFm5ij2xdTpEc1btHsDU	2024-02-19 09:05:33.332247-08
246tkc87de4cjc8o7s49zy2mcxjp0rzq	.eJxVjEEOwiAQRe_C2hA6lLbj0r1nIAMzSNXQpLQr492VpAvd_MV_L--lPO1b9nuV1c-szsqq0-8XKD6kNMB3KrdFx6Vs6xx0U_RBq74uLM_L4f4FMtXcsn1PAgnZTE6SCAN1owPijnCYIIlJxpnvokMJbIOxNjlE4TEMEEG9P_qFOGc:1rfKcL:HtOnr3AGGzO5WSitUqQ5OpJ8NfC4eGwiULPp7MVZEaA	2024-03-13 07:09:05.822787-07
drcbm18lyw7t89yjru22am8om6juj0io	.eJxVjEEOwiAQRe_C2hA6lLbj0r1nIAMzSNXQpLQr492VpAvd_MV_L--lPO1b9nuV1c-szsqq0-8XKD6kNMB3KrdFx6Vs6xx0U_RBq74uLM_L4f4FMtXcsn1PAgnZTE6SCAN1owPijnCYIIlJxpnvokMJbIOxNjlE4TEMEEG9P_qFOGc:1rwSKC:YTug2R6kYUvnckYd13ZIbSjX5x76gq4_q1uJ_NhwtcM	2024-04-29 12:49:08.973762-07
gyhad9d10455tcp8ch6jzjok99q8bmd1	.eJxVjEEOwiAQRe_C2hA6lLbj0r1nIAMzSNXQpLQr492VpAvd_MV_L--lPO1b9nuV1c-szsqq0-8XKD6kNMB3KrdFx6Vs6xx0U_RBq74uLM_L4f4FMtXcsn1PAgnZTE6SCAN1owPijnCYIIlJxpnvokMJbIOxNjlE4TEMEEG9P_qFOGc:1s7HNy:Ov-oyhQayLXs96JsSIWzC9xyPWZ9cWe8IjCzKwxw_5o	2024-05-29 09:21:46.24371-07
\.


--
-- Data for Name: files_document; Type: TABLE DATA; Schema: public; Owner: postgres
--

COPY public.files_document (id, created_at, updated_at, is_active, document, title, description, primary_author, publish_date, document_type, citation, keywords, created_by_id, updated_by_id) FROM stdin;
16	2024-03-14 12:29:37.723599-07	2024-03-14 12:29:37.754855-07	t	documents/Janowitz-Koch_et_al-2018-Evolutionary_Applications_FINAL_Scanned.pdf	Long-term evaluation of fitness and demographic effects of a Chinook Salmon supplementation program	Describes the long-term effects of the Johnson Creek Artificial Propagation and Enhancement supplementation program and provides estimates of the demographic and phenotypic factors influencing the fitness of the endemic spring/summer Chinook population. The study incorporates genotyped tissue samples spanning a 19-year period (1998-2016) to generate pedigrees from adults to expand upon previous estimates of relative reproductive success to include grandparantage analyses and uses generalized linear models to determine whether origin (hatchery or natural) or phenotypic traits (arrival timing, body length, age) significantly predicted reproductive success across multiple years.	Janowitz-Koch, Ilana	2017-12-11	Journal Article	Janowitz-Koch, Ilana, Rabe, C.D., Kinzer, R., Nelson, D., Hess, M., and S. Narum. 2019. Long-term evaluation of fitness and demographic effects of a Chinook salmon supplementation program. Evolutionary Applications, 12, 456-469.	parentage analysis, reproductive success, salmonids, supplementation	44	44
4	2023-11-15 09:01:21.916183-08	2023-11-15 09:02:05.472806-08	t	documents/Auerbach_and_Fremier_-_2023_-_Identification_of_salmon_redds_using_RPV-based_ima.pdf	Identification of salmon redds using RPV-based imagery produces comparable estimates to ground counts with high inter-observer variability	Research paper using UAV/drone imagery for Chinook salmon redd surveys.	Daniel S Auerbach	2022-09-23	Journal Article	Auerbach, D. S., & Fremier, A. K. (2023). Identification of salmon redds using RPV-based imagery produces comparable estimates to ground counts with high inter-observer variability. River Research and Applications, 39(1), 35–45. https://doi.org/10.1002/rra.4065	UAV, Drone, Chinook salmon, redd, spawning ground survey	3	3
6	2023-11-16 11:46:50.915029-08	2024-02-29 13:20:12.192134-08	t	documents/2022_SFSR_BC_LSR_AnnualReport.pdf	2022 South Fork Salmon River, Big Creek, Little Salmon River Watershed Restoration Annual Report	2022 South Fork Salmon River, Big Creek, & Little Salmon River Watershed Restoration Annual Report	Wesley Keller	2023-03-31	Annual Report		McCall, Watershed, Annual Report, South Fork Salmon River, Big Creek, Little Salmon River	81	81
11	2024-01-22 13:56:57.936935-08	2024-01-22 13:56:57.968167-08	t	documents/See2021.pdf	State-Space Model to Estimate Salmon Escapement Using Multiple Data Sources	Accurate estimates of salmonids passing Lower Granite Dam on the Snake River, by species and origin, are a critical input to assessing the status and trends of \r\nvarious populations as well as successful management of fisheries in the Snake River basin. Here, we describe a state-space model that estimates such escapement past a dam by using window counts, PIT tag observations, and data from an adult fish trap, accounting for issues such as nighttime passage, fallback and reascension, potential observation error at the window, and uncertainty in the adult trap rate. We tested the approach using a simulation framework that mimicked several levels of observation error, differences between nighttime passage and reascension rates, and the possibility of the adult trap being closed for some period of time. Our results demonstrate that the model produced unbiased estimates across all tested scenarios. We also applied this model to empirical data from Lower Granite Dam to produce estimates of wild, clipped hatchery, and unclipped hatchery spring/summer-run Chinook Salmon Oncorhynchus tshawytscha and steelhead O. mykiss from spawn years 2010–2019.	Kevin See	2021-05-07	Journal Article	See, Kevin E., Ryan N. Kinzer, Michael W. Ackerman. 2021. State-Space Model to Estimate Salmon Escapement Using Multiple Data Sources. North American Journal of Fisheries Management. DOI: 10.1002/nafm.10649	\N	27	27
12	2024-01-25 15:27:46.097126-08	2024-01-25 15:27:46.206521-08	t	documents/2021_Snake_River_Basin_Adult_Chinook_and_Steelhead_Monitoring_Annual_Report_-_Nez_Perce_Tribe_DFRM.pdf	Snake River Basin Adult Chinook Salmon and Steelhead Monitoring; 2021 Annual Report	The Nez Perce Tribe Department of Fisheries Resources Management, Research Division, monitors and evaluates the status of adult Chinook Salmon (Oncorhynchus tshawytscha) and summer steelhead (O. mykiss) returns throughout Nez Perce tribal project areas in the Snake River basin. In spawn year 2021, we calculated abundance, life history, and productivity performance measures using data collected from returning adults at Lower Granite Dam (LGD), picket and floating weirs, spawning ground surveys, and in-stream passive integrated transponder tag detection systems. When available, we reported 2021 adult metrics and data from the previous 10 years to provide context for the 2021 results. In 2021, the abundance of returning adult Chinook Salmon and steelhead at most monitoring locations and scales (i.e., basin, population, and tributary) remained below the 10-year average. Although below the 10-year average, fall Chinook Salmon escapement to LGD increased from 33,618 fish in 2020 to 37,982 in 2021. While there were no PIT tag based escapement estimates for adult spring/summer Chinook Salmon returns to the Snake River basin in 2020, population escapment estimates show an observable increase across the basin. The adult spring/summer Chinook Salmon escapement to LGD increased from 27,539 in 2019 to 45,720 in 2021. Total summer steelhead escapement past LGD also increased from 36,541 in 2020 to 61,564 in 2021. Indicators of productivity remain low across species and life histories in the region. Specifically, progeny-per-parent estimates appear to indicate Snake River natural-origin spring/summer Chinook Salmon and natural-origin steelhead populations are not replacing themselves.	Brian W. Simmons	2022-08-01	Annual Report	Simmons, B. W., Espinosa, N., Arnsberg, B., Cleary, P., Nelson, D., Rabe, C., Robbins, J., Sublett, M., 2022. Snake River Basin Adult Chinook Salmon and Steelhead Monitoring 2021 Annual Report. Nez Perce Tribe, Department of Fisheries Resources Management, Research Division. Lapwai, ID.	Chinook, steelhead, escapement	2	2
13	2024-02-28 09:16:42.971063-08	2024-02-28 09:16:43.064818-08	t	documents/dfrm_website_walkthrough.pptx	Website Walkthrough	PowerPoint slides that should help assist new users in the process of how to use the application.  It also provides guidance on how to build out project information.	Tyler Stright	2024-02-28	Presentation Slides		\N	3	3
14	2024-02-29 10:55:24.536043-08	2024-02-29 10:55:24.598541-08	t	documents/2023_SFSR_BC_LSR_AnnualReport_final_20240228.pdf	South Fork Salmon River, Big Creek and Little Salmon River Annual Report for 2023	2023 annual report documenting the McCall Watershed Departments activities from 4/1/2023-3/30/2024	Wesley Keller	2024-02-29	Annual Report	Keller, W., Miller, K., Brown, D., & Stangland, J. (2023). South Fork Salmon River & Big Creek Watershed Restoration Annual Report April 1, 2023 - March 31, 2024. Department of Fisheries Resources Management, Watershed Division. McCall, ID: Nez Perce Tribe.	McCall annual report, watershed annual report, south fork salmon river, big creek, little salmon	69	69
15	2024-03-14 12:17:57.295007-07	2024-03-14 12:17:57.326255-07	t	documents/Corrected_Proof_Hess_et_al_2012_MEC.pdf	Supportive breeding boosts natural population abundance with minimal negative impacts on fitness of a wild population of Chinook salmon	Pedigrees of two complete generations were tracked with molecular markers to investigate differences in reproductive success (RS) of wild and hatchery-reared Chinook salmon spawning in the natural environment to address questions regarding the demographic and genetic impacts of supplementation to a natural population.	Hess, Maureen A.	2012-08-17	Journal Article	Hess, M., C. Rabe, J. Vogel, J.J. Stephenson, D. Nelson, and S.R. Narum. 2012. Supportive breeding boosts natural population abundance with minimal negative impacts on fitness of a wild population of Chinook salmon. Mol. Ecol. 21, 5236–5250.	parentage analysis, reproductive success, salmonids, supplementation	44	44
17	2024-03-14 12:37:08.696763-07	2024-03-14 12:37:08.731813-07	t	documents/Final_NAJFM.pdf	Evaluating the Accuracy and Precision of Multiple Abundance Estimators Using State-Space Models: A Case Study for a Threatened Population of Chinook Salmon in Johnson Creek, Idaho	Use of a state-space model to determine the accuracy and precision of multiple survey types by decoupling the observation error of the survey from the process error describing the annual variability in the true population abundance.	Chasco, Brandon E.	2014-10-13	Journal Article	Brandon E. Chasco, Eric J. Ward, Jay A. Hesse, Craig Rabe, Ryan Kinzer, Jason L. Vogel & Rick Orme (2014) Evaluating the Accuracy and Precision of Multiple Abundance Estimators Using State-Space Models: A Case Study for a Threatened Population of Chinook Salmon in Johnson Creek, Idaho, North American Journal of Fisheries Management, 34:5, 945-954, DOI: 10.1080/02755947.2014.926302	state-space model, population abundance, Chinook salmon, mark-recapture surveys	44	44
\.


--
-- Data for Name: files_document_employee_authors; Type: TABLE DATA; Schema: public; Owner: postgres
--

COPY public.files_document_employee_authors (id, document_id, user_id) FROM stdin;
2	6	81
3	6	82
4	6	83
9	11	2
10	11	27
11	12	41
12	12	44
13	12	46
14	12	47
15	12	80
16	12	50
17	12	19
18	12	21
19	13	3
20	14	81
21	14	82
22	14	83
23	15	50
24	15	44
25	16	2
26	16	44
27	16	50
28	17	2
29	17	10
30	17	36
31	17	44
\.


--
-- Data for Name: files_image; Type: TABLE DATA; Schema: public; Owner: postgres
--

COPY public.files_image (id, created_at, updated_at, is_active, name, description, slug, photographer, photo_date, source, image, created_by_id, updated_by_id) FROM stdin;
1	2023-10-03 13:39:02.448188-07	2023-10-03 13:39:02.448188-07	t	Lostine Weir	Lostine Weir	lostine-weir	Jim Harbeck	2023-10-03	Jim Harbeck	images/uploaded/background_gGSPf4N.jpg	2	2
2	2023-10-03 13:40:12.081344-07	2023-10-03 13:40:12.081344-07	t	Clearwater River	Clearwater River	clearwater-river	Jim Harbeck	2023-10-03	Jim Harbeck	images/uploaded/Clearwater_River_Home_Page_Z9iT3nY.jpg	2	2
3	2023-10-03 14:29:16.511907-07	2023-10-03 14:29:16.511907-07	t	Chinook spawning	Several fish spawning on beautiful gravel.	chinook-spawning	Craig Rabe	2008-10-10	South Fork Salmon River	images/uploaded/Buck_and_Hen_PAvQEV3.jpg	3	3
5	2023-10-04 08:44:34.738573-07	2023-10-04 08:44:34.738573-07	t	Adult Chinook	Photographed in Imnamanoon Creek.	adult-chinook	Ryan Kinzer	2008-07-16	Ryan Kinzer	images/uploaded/adult.jpg	2	2
6	2023-10-04 13:14:38.212211-07	2023-10-04 13:14:38.212211-07	t	BBY Fish	Bismark brown juvenile fish.	bby-fish	Ryan Kinzer	2023-10-04	Ryan Kinzer	images/uploaded/IMGP2198.JPG	2	2
8	2023-10-04 13:17:06.326811-07	2023-10-11 14:07:17.791101-07	t	Jaw tags	carcasses with jaw tags.	jaw-tags	Unknown	2023-10-04	Unknown	images/uploaded/images.jpg	4	3
4	2023-10-03 14:38:25.167158-07	2023-10-11 14:29:42.202527-07	t	SFSR Fish Kill	Fish killed by a mud slide upstream of the intake.	post-spawn-massacre	John Gebhards	2000-01-01	South Fork Salmon River Weir	images/uploaded/P8070156.JPG	44	2
10	2023-11-02 13:27:25.536296-07	2023-11-02 13:27:25.536296-07	t	South Fork Guard Station PIT-Array	Looking up the SFSR from the newly install pit-array at the South Fork Guard Station.	south-fork-guard-station-pit-array	Mike Ackerman	2023-09-15	Mike Ackerman	images/uploaded/SFG_array.png	2	2
13	2023-11-15 14:58:58.749863-08	2023-11-15 14:58:58.765491-08	t	Chinook Salmon Spawning	Chinook salmon spawning in the SFSR	chinook-salmon-spawning	Wesley Keller	2016-09-02	Wes Keller	images/uploaded/chinook_salmon_spawning.JPG	69	69
14	2023-11-15 15:04:58.406449-08	2023-11-15 15:04:58.422069-08	t	Mary Edwards Chinook	Mary Edwards Chinook	mary-edwards-chinook	Mary Edwards	2012-09-12	Mary Edwards	images/uploaded/Chinook_5727.jpg	69	69
15	2023-11-15 15:08:01.463107-08	2023-11-15 15:08:01.478752-08	t	Mary Edwards steelhead	Mary Edwards steelhead	mary-edwards-steelhead	Mary Edwards	2012-01-09	Mary Edwards	images/uploaded/StS_3352.jpg	69	69
16	2023-11-15 15:17:21.207964-08	2023-11-15 15:17:21.239216-08	t	South Fork Salmon River	South Fork Salmon River	south-fork-salmon-river	Keisha Miller	2019-10-10	Keisha Miller	images/uploaded/IMG_0356.jpg	81	81
17	2023-11-15 15:27:48.187124-08	2023-11-15 15:27:48.218379-08	t	East Fork South Fork Salmon River	SFSRSR image	east-fork-south-fork-salmon-river	Wesley Keller	2019-06-15	Wes Keller	images/uploaded/east_forkSF.JPG	69	69
18	2023-11-16 06:50:11.6813-08	2023-11-16 06:50:11.712549-08	t	SFSR	Nice pic of the SFSR	sfsr	Wes Keller	2023-09-11	Wes Keller	images/uploaded/SFSR_road_decom_monitoring.jpg	69	69
19	2023-11-16 07:00:01.793636-08	2023-11-16 07:00:01.824888-08	t	Rapid River	Rapid River	rapid-river	wes keller	2021-06-10	wes keller	images/uploaded/rapidriver_trib_little_salmon.jpg	69	69
20	2023-11-20 14:08:46.543149-08	2023-11-20 14:08:46.574404-08	t	Big Creek watershed	Drone image of Big Creek watershed	big-creek-watershed	Matt Steinwurtzel	2023-07-02	Matt Steinwurtzel	images/uploaded/BigCreekdrone.JPG	69	69
21	2024-01-10 10:03:24.387417-08	2024-01-10 10:03:24.403051-08	t	MFO Office 1	McCall Field Office from the street entrance.	mfo-office-1	Craig Rabe	2024-01-01	Craig Rabe	images/uploaded/office2.jpg	2	2
24	2024-01-16 07:30:17.79464-08	2024-01-16 07:30:17.79464-08	t	Johnson Creek Weir	Upstream view of Johnson Creek weir just after it's installation on 6/22/2023	johnson-creek-weir	Craig Rabe	2023-06-22	Craig Rabe	images/uploaded/2023_JC_Weir.jpg	44	44
25	2024-01-16 07:41:51.232063-08	2024-01-16 07:41:51.232063-08	t	Grouse Creek redd with female	Spring/summer Chinook redd taken on Grouse Creek during 2023 spawning ground survey	grouse-creek-redd-with-female	Craig Rabe	2023-08-28	Craig Rabe	images/uploaded/20230828_141329.jpg	44	44
26	2024-01-16 08:46:08.87098-08	2024-01-16 08:46:08.87098-08	t	Lower Secesh rotary screw trap	Lower Secesh rotary screw trap	lower-secesh-rotary-screw-trap	Craig Rabe	2016-04-15	Craig Rabe	images/uploaded/Lower_Secesh_with_stern_board.jpg	44	44
32	2024-01-17 10:53:19.943744-08	2024-01-17 10:53:19.974939-08	t	Dry Creek Weir	Dry Creek Weir	dry-creek-weir	Neal Espinosa	2024-01-17	Neal Espinosa	images/uploaded/Dry_Creek_Weir.jpg	2	2
29	2024-01-17 09:57:52.603776-08	2024-01-17 09:57:52.666282-08	t	South Fork Guard Station Array O&M	Installing the new SFG array with Biomark staff.	south-fork-guard-station-array-om	Mike Ackerman	2023-08-14	Mike Ackerman	images/uploaded/SFG_om.png	2	2
30	2024-01-17 10:33:09.933158-08	2024-01-17 10:33:09.980029-08	t	Fishing Creek Sill Log	Looking upstream in Fishing Creek past an ISS snorkel site.	fishing-creek-sill-log	Ryan Kinzer	2005-07-20	Ryan Kinzer	images/uploaded/57110022.jpg	2	2
31	2024-01-17 10:34:01.029797-08	2024-01-17 10:34:01.076695-08	t	Legendary Bear Creek	Sill log in Legendary Bear Creek	legendary-bear-creek	Ryan Kinzer	2005-07-21	Ryan Kinzer	images/uploaded/57120040.jpg	2	2
36	2024-01-22 15:09:02.363585-08	2024-01-22 15:09:02.394838-08	t	Radio-tagged Chinook Salmon	A radio-tagged Chinook Salmon resting next to a non-tagged Chinook in the Lostine River (2015).	radio-tagged-chinook-salmon	Ian Wilson	2015-07-15	Shane Vatland	images/uploaded/LostineRiver_radio-taggedCHS_2015_Wilson.jpg	53	53
33	2024-01-22 12:54:38.39004-08	2024-01-22 12:57:32.408501-08	t	LC2 in Winter	A picture of the LC2 PIT-tag array on Lolo Creek taken in December 2020.	lc2-in-winter	Cameron Albee	2020-12-15	Cameron Albee	images/uploaded/LC2_December_2020.jpg	27	27
34	2024-01-22 14:45:11.194662-08	2024-01-22 14:45:11.225916-08	t	Wallowa Lake Spring 2020	Wallowa Lake Spring 2020	wallowa-lake-spring-2020	Shane Vatland	2020-05-28	Shane Vatland	images/uploaded/WallowaLake_cropped_2020-05-28.jpg	53	53
35	2024-01-22 14:52:22.581647-08	2024-01-22 14:52:22.612885-08	t	Wallowa River Kokanee Carcass	Wallowa River Kokanee Carcass	wallowa-river-kokanee-carcass	Shane Vatland	2019-09-10	Shane Vatland	images/uploaded/WallowaRiver_kokanee_2019-09-10.jpg	53	53
37	2024-01-22 15:23:25.360012-08	2024-01-22 15:23:25.391303-08	t	Lostine River Chinook Salmon Spawning Ground Survey	Lostine River Chinook Salmon Spawning Ground Survey	lostine-river-chinook-salmon-spawning-ground-survey	Shane Vatland	2020-08-20	Shane Vatland	images/uploaded/LostineRiver_CHS-SGS_2020.JPG	53	53
38	2024-01-23 10:50:09.033683-08	2024-01-23 10:51:08.625871-08	t	SF Clearwater River RST 2020	The South Fork Clearwater River Rotary Screw trap is shown as fish are being removed from the live box in the spring of 2020.  Trap protocols during this time period included guidelines for maintaining social distance to limit the spread of COVID.	sf-clearwater-river-rst-2020	Peter Cleary	2020-04-22	Peter Cleary	images/uploaded/Stites_RST_2020.jpg	21	21
103	2024-04-24 13:14:21.485052-07	2024-04-24 13:14:21.516329-07	t	Crooked River Phase 2	Crooked River Phase 2	crooked-river-phase-2	Jarrod Crow	2021-08-11	Jarrod Crow	images/uploaded/Crooked_Phase_2.jpg	90	90
104	2024-04-24 14:59:37.529196-07	2024-04-24 14:59:37.560507-07	t	Chief Joseph Mountain	Chief Joseph Mountain - late April	chief-joseph-mountain	Jim Harbeck	2024-04-24	Project Image	images/uploaded/Chief_Joseph_Mt..png	22	22
105	2024-04-24 15:07:26.981682-07	2024-04-24 15:07:27.012933-07	t	Imnaha Tagging TEnt	Tagging tent on the Imnaha River	imnaha-tagging-tent	Dave Bright	2015-11-02	Project Image	images/uploaded/Imnaha_Tagging_Tent.png	22	22
106	2024-04-25 10:31:00.105162-07	2024-04-25 10:31:00.152037-07	t	Phase 1 Pre-Post	Pre-Post comparison of Phase 1	phase-1-pre-post	Jarrod Crow	2019-04-25	Jarrod Crow	images/uploaded/Crooked_Phase_1Pre-Post.jpg	90	90
40	2024-01-23 12:57:29.986919-08	2024-01-23 12:57:30.018176-08	t	Jacks Creek Weir 2021	An adult steelhead is shown being removed and worked up from the livebox at the Jacks Creek weir.  Employees in the photo from left to right are Bailey Peters, Anthony Capetillo, and Jay Oatman.	jacks-creek-weir-2021	Peter Cleary	2021-02-25	Peter Cleary	images/uploaded/Jacks_Creek_Weir_Capture_2021_NoojA9h.jpg	21	21
41	2024-01-23 13:01:13.460844-08	2024-01-23 13:01:13.492115-08	t	Lawyer Creek Seasonal IPTDS Download	Mike Kosinski is shown at the Lawyer Creek Seasonal IPTDS downloading weekly PIT tag interrogation data from the master controller.  The solar panels powering the IPTDS can be seen in the background.	lawyer-creek-seasonal-iptds-download	Peter Cleary	2003-10-24	Peter Cleary	images/uploaded/Downloading_Lawyer_Creek_IPTDS_Fall_2023.jpg	21	21
42	2024-01-23 13:12:29.20476-08	2024-01-23 13:12:29.236049-08	t	Jacks Creek Weir 2022 After Repair	The Jacks Creek weir in 2022 is shown after a repair.  Pictured from Left to Right is Granger Arnsberg, Leander Goodteacher, and Lonne Bisbee.	jacks-creek-weir-2022-after-repair	Peter Cleary	2022-05-08	Peter Cleary	images/uploaded/Jacks_Creek_Weir_Repair_2022.png	21	21
43	2024-01-24 07:28:23.421311-08	2024-01-24 07:28:23.452612-08	t	PIT Tagging at the SF Clearwater RST	Leander Goodteacher is shown in a tent getting ready to PIT tag fish removed from the South Fork Clearwater River rotary screw trap.	pit-tagging-at-the-sf-clearwater-rst	Peter Cleary	2018-03-23	Peter Cleary	images/uploaded/TentArea.jpg	21	21
44	2024-01-24 07:40:08.261087-08	2024-01-24 07:40:08.292328-08	t	SF Clearwater Trap Tending During Flood Stage	Nico Higheagle is shown moving from the South Fork Clearwater River to the parking area after removing equipment off the bank being flooded by the South Fork Clearwater River.  The South Fork Clearwater River can be seen in the background to the right.	sf-clearwater-trap-tending-during-flood-stage	Brent Broncheau	2018-05-15	Peter Cleary	images/uploaded/NicoRemovingTent.jpg	21	21
45	2024-01-24 11:24:48.027546-08	2024-01-24 11:24:48.058795-08	t	Adult B-run type steelhead	A picture of an adult type B-run steelhead captured in the North Fork Clearwater River	adult-b-run-type-steelhead	Peter Cleary	2021-01-23	Peter Cleary	images/uploaded/AdultSteelhead3.jpg	21	21
46	2024-01-24 11:47:29.666368-08	2024-01-24 11:47:29.681993-08	t	Dredging Hole	This image shows Peter Cleary looking at a hole that was dredged into the bank of the South Fork Clearwater River at the confluence of Johns Creek.  The dredging was determined to be the result of legal mining activity.  Peter was at Johns Creek replacing a battery in a radio telemetry station.	dredging-hole	Brent Broncheau	2017-03-19	Peter Cleary	images/uploaded/SuctionDredgeHole.jpg	21	21
47	2024-01-24 16:09:34.221268-08	2024-01-24 16:09:34.252488-08	t	Sixmile Creek Culvert	The Sixmile Creek Culvert is shown in the spring with water backed up behind the culvert.	sixmile-creek-culvert	Peter Cleary	2023-05-04	Peter Cleary	images/uploaded/Backed_Up_Confluance.jpg	21	21
48	2024-01-25 08:14:31.330333-08	2024-01-25 08:14:31.424082-08	t	SF Clearwater RST 2017	This photo was taken in March 2017 and shows the South Fork Clearwater River rotary screw trap being tended to by Nico Higheagle.  This photo was taken prior to the trap anchors being damaged in 2018 and prior to the trap anchors being modified in 2020.  Trap modifications in 2020 were designed to raise the sag in the cable running accross the river.  The cable can be seen in the photo.	sf-clearwater-rst-2017	Peter Cleary	2017-03-31	Peter Cleary	images/uploaded/StitesTrapAtHighWater.jpg	21	21
55	2024-01-25 16:28:36.552003-08	2024-01-25 16:28:36.567597-08	t	Spawning at NPTH	Spawning at NPTH	spawning-at-npth	Sherman Sprague	2023-11-02	Sherman Sprague	images/uploaded/Spawning_at_NPTH.jpg	34	34
51	2024-01-25 11:49:10.327796-08	2024-01-25 11:49:10.359053-08	t	Clearwater Basin In-Hatchery Evaluations and Marking Project	Coded Wire Tagging Trailer at the Nez Perce Tribal Hatchery	clearwater-basin-in-hatchery-evaluations-and-marking-project	Sherman Sprague	2023-07-24	Sherman Sprague	images/uploaded/Coded_Wire_Tagging_Trailer_at_the_Nez_Perce_Tribal_Hatchery.jpg	34	34
52	2024-01-25 13:40:04.192232-08	2024-01-25 13:40:04.223429-08	t	Nez Perce Tribal Hatchery - Monitoring and Evaluation Project	Lolo Rotary Screw Trap and Adult Weir	nez-perce-tribal-hatchery-monitoring-and-evaluation-project	Sherman Sprague	2016-05-18	Sherman Sprague	images/uploaded/Lolo_Creek_Rotary_Screw_trap_and_Adult_Weir..jpg	34	34
53	2024-01-25 13:58:19.477958-08	2024-01-25 13:58:19.509206-08	t	Coded wire tagging and adipose fin clipping Juvenile Spring Chinook	Inside the CWT marking trailer.	coded-wire-tagging-and-adipose-fin-clipping-juvenile-spring-chinook	Sherman Sprague	2023-07-24	Sherman Sprague	images/uploaded/Inside_the_Coded_Wire_Tagging_Trailer_1.jpg	34	34
54	2024-01-25 16:17:02.395701-08	2024-01-25 16:17:02.426953-08	t	PIT tagging in our tagging trailer	PIT tagging juvenile salmonids	pit-tagging-in-our-tagging-trailer	Michael Kosinski	2022-04-12	Michael Kosinski	images/uploaded/PIT_tag_trailer.jpg	34	34
56	2024-01-29 08:24:59.602554-08	2024-01-29 08:24:59.633807-08	t	NPTH M&E	NPTH M&E	npth-me	Sherman Sprague	2015-06-15	Sherman Sprague	images/uploaded/NPTH_ME_Web_site.jpg	34	34
59	2024-02-01 10:15:57.610919-08	2024-02-01 10:15:57.642169-08	t	Fall Chinook redd survey by drone on the lower Salmon River.	Morgan Sublett conducting a fall Chinook drone survey on the lower Salmon River in cooperation with the USGS.	fall-chinook-redd-survey-by-drone-on-the-lower-salmon-river	Bill Arnsberg	2023-11-30	Bill Arnsberg	images/uploaded/20231130_132623.jpg	34	34
57	2024-02-01 10:09:42.076492-08	2024-02-01 10:10:10.725767-08	t	Beach seine haul on lower Clearwater River	Beach seining haul on the lower Clearwater River.	beach-seine-haul-on-lower-clearwater-river	Morgan Sublett	2021-06-09	Morgan Sublett	images/uploaded/IMG_9824.jpg	34	34
58	2024-02-01 10:13:29.971076-08	2024-02-01 10:13:30.002755-08	t	Spring Chinook and redd on Meadow Creek	Spring Chinook spawning pair and redd observed on Meadow Creek tributary to S.F. Clearwater.	spring-chinook-and-redd-on-meadow-creek	Morgan Sublett	0021-09-01	Morgan Sublett	images/uploaded/Spring_Ch_redd_Meadow_Cr.jpg	34	34
60	2024-02-01 10:34:59.688667-08	2024-02-01 10:37:08.430844-08	t	Lapwai Creek Weir	Lapwai Creek weir to capture returning adult spring Chinook Salmon.	lapwai-creek-weir	Jay Oatman	2023-06-27	Jay Oatman	images/uploaded/Lapwai_Cr_weir.jpeg	34	34
61	2024-02-05 09:29:13.303936-08	2024-02-05 09:29:13.335192-08	t	Clearwater River Screw Trap	Clearwater River 8' screw trap at IDFG trap line at Rm 6.2 to capture fall Chinook subyearlings for PIT tagging.	clearwater-river-screw-trap	Bill Arnsberg	2022-07-20	Bill Arnsberg	images/uploaded/20220720_061101.jpg	34	34
62	2024-02-05 09:31:49.034811-08	2024-02-05 09:31:49.050435-08	t	Beach seining on the Clearwater River.	Morgan Sublett and Brent Broncheau beach seining on a back channel near Cottonwood Creek on the lower Clearwater River.	beach-seining-on-the-clearwater-river	Bill Arnsberg	2022-05-03	Bill Arnsberg	images/uploaded/20220503_092542.jpg	34	34
63	2024-02-05 09:47:20.696142-08	2024-02-05 09:47:20.727386-08	t	Lolo Creek rotary screw trap	Rotary screw trap on Lolo Creek.	lolo-creek-rotary-screw-trap	Peter Cleary	2022-05-10	Peter Cleary	images/uploaded/Lolo_Creek_Trap_May_10_2022.jpg	34	34
64	2024-02-05 09:53:57.138663-08	2024-02-05 09:53:57.154185-08	t	Lolo Creek Rotary Screw Trap and anchors	Lolo Creek Rotary Screw Trap and anchors.	lolo-creek-rotary-screw-trap-and-anchors	Peter Cleary	2022-05-10	Peter Cleary	images/uploaded/Lolo_Creek_Trap_and_Clearwater_County_Anchors_May_10_2022.jpg	34	34
65	2024-03-04 08:45:35.751425-08	2024-03-04 08:45:35.782685-08	t	Collette Mine Before and After	Before and after photos of Collette Mine stream restoration project.	collette-mine-before-and-after	DRFM Watershed	2020-10-10	DRFM Watershed	images/uploaded/Collette_Mine_Before_and_After.jpg	76	76
66	2024-03-04 09:19:59.764761-08	2024-03-04 09:19:59.811714-08	t	Selway Flight September 2016	Photo of Selway Mountains	selway-flight-september-2016	Justin Peterson	2016-09-27	DRFM Watershed	images/uploaded/Selway_Flight_September_2016.jpg	76	76
82	2024-04-23 11:51:30.102059-07	2024-04-23 11:51:30.133299-07	t	Trap Recovery	Winter Trapping on the Imnaha River	trap-recovery	Joe McCormack	2011-12-23	Project image	images/uploaded/Imnaha_Winter_Trapping.jpg	22	22
68	2024-03-04 10:01:20.184787-08	2024-03-04 10:01:20.200413-08	t	Mshell_Camas_20180531_01-2	Photo of Musselshell Meadow during camas bloom.	mshell_camas_20180531_01-2	Ed Main	2018-05-31	DFRM Watershed	images/uploaded/Mshell_Camas_20180531_01-2.jpg	76	76
69	2024-03-04 14:16:14.253209-08	2024-03-04 14:16:14.284473-08	t	SFCR	South Fork Clearwater River mainstem	sfcr	Miranda Gordon	2020-08-03	Miranda Gordon	images/uploaded/mainstem_1.jpg	66	66
70	2024-03-04 14:17:28.768631-08	2024-03-04 14:17:28.815507-08	t	South Fork Clearwater River mainstem2	Mainstem SFCR	south-fork-clearwater-river-mainstem2	Miranda Gordon	2016-08-02	Miranda Gordon	images/uploaded/mainstem_2.jpg	66	66
72	2024-03-04 14:40:51.984009-08	2024-03-04 14:40:52.015247-08	t	McComas Meadows	McComas Meadows	mccomas-meadows	Jen Harris	2016-02-22	NPT	images/uploaded/DJI_0348.jpg	66	66
73	2024-03-04 14:56:04.129911-08	2024-03-04 14:56:04.161169-08	t	Leggett Creek Steelhead	Fish jumping at Leggett Creek Highway 14 culvert prior to replacement	leggett-creek-steelhead	Mark Johnson	2011-04-07	NPT	images/uploaded/Leggett_Creek_MJ_fish_jump.png	66	66
74	2024-03-06 14:01:16.915779-08	2024-03-06 14:01:16.947059-08	t	MFO - Winter 2024	Winter photograph of the McCall Field Office using our UAV.	mfo-winter-2024	Tyler Stright	2024-03-06	Tyler Stright	images/uploaded/MFO_030624.JPG	3	3
83	2024-04-23 11:58:24.893332-07	2024-04-23 11:58:24.924593-07	t	Winter Trapping	Juvenile winter trapping on the Imnaha River	winter-trapping	Joe McCormack	2011-12-23	Project Image	images/uploaded/Winter_Trapping_2.jpg	22	22
77	2024-04-22 15:15:13.823988-07	2024-04-22 15:15:13.83959-07	t	Imnaha Steelhead	Released above the Gumboot Creek weir	imnaha-steelhead	Gus Johnson	2021-06-30	IRSSSM Project Image	images/uploaded/Imnaha_Steelhead.png	22	22
78	2024-04-22 16:50:35.747471-07	2024-04-22 16:50:35.794386-07	t	Imnaha Rotary Screw Trap	Screw Trap & Research Tent on lower Imnaha River	imnaha-rotary-screw-trap	Lora Tennant	2022-06-25	Project Image	images/uploaded/Imnaha_Screw_Trap.JPG	22	22
79	2024-04-22 17:04:11.113888-07	2024-04-22 17:04:11.145051-07	t	Joseph Field Office	JFO office building	joseph-field-office	Jim Harbeck	2015-05-20	Project image	images/uploaded/Joseph_Field_Office_2.JPG	22	22
92	2024-04-24 09:34:11.519563-07	2024-04-24 09:34:11.550813-07	t	Lapwai Creek Coho Fall 2023	Coho Spawning in Lapwai Creek near PALS installation on TA 3125.	lapwai-creek-coho-fall-2023	Shawn Kaschmitter	2023-11-07	Shawn Kaschmitter	images/uploaded/Lapwai_Creek_Coho_Fall_2023.png	72	72
81	2024-04-23 10:27:00.480666-07	2024-04-23 10:27:00.511891-07	t	Red River 1	Photo of mainstream Red River	red-river-1	Jarrod Crow	2020-10-21	Field photos for Red River	images/uploaded/Red_River_1.jpeg	90	90
84	2024-04-23 14:14:56.445805-07	2024-04-23 14:14:56.461429-07	t	Spawning Pair	Male & Female Steelhead Spawning in Grouse Creek	spawning-pair	Ian Wilson	2015-04-22	Project Image	images/uploaded/Grouse_Creek_Steelhead.JPG	22	22
85	2024-04-23 14:27:27.139259-07	2024-04-23 14:27:27.170504-07	t	Wenaha Steelhead	Caught on the Wenaha River	wenaha-steelhead	Devin Olsen	2015-02-21	Project Image	images/uploaded/Steelhead_Profile.JPG	22	22
86	2024-04-23 14:43:15.031675-07	2024-04-23 14:43:15.047297-07	t	Paired Steelhead	Spawning in Grouse Creek	paired-steelhead	Ian Wilson	2015-04-24	Project Image	images/uploaded/Grouse_Creek_Steelhead_qWjLz87.JPG	22	22
87	2024-04-23 15:05:04.517451-07	2024-04-23 15:05:04.533073-07	t	Imnaha Snorkel Survey	Snorkeling in the Imnaha River	imnaha-snorkel-survey	Lora Tennant	2022-07-23	Project Image	images/uploaded/Imnaha_Snorkel_Survey2.jpg.png	22	22
88	2024-04-23 15:18:00.900408-07	2024-04-23 15:18:00.916022-07	t	Gumboot Weir	Gumboot Steelhead Weir & Trapr	gumboot-weir	Neal Espinosa	2013-04-05	Project Image	images/uploaded/Gumboot_Weir.JPG	22	22
89	2024-04-23 16:08:52.302747-07	2024-04-23 16:08:52.333998-07	t	Steelhead in Trap Box	Steelhead in Gumboot Trap	steelhead-in-trap-box	Newal Espinosa	2014-04-29	Project Image	images/uploaded/Steelhead_in_Trap_Box.JPG	22	22
90	2024-04-23 16:59:13.954063-07	2024-04-23 16:59:13.985335-07	t	Carcass Bundle	Steelhead Carcass Bundle in Little Sheep Creek	carcass-bundle	Jim Harbeck	2014-05-20	Project Image	images/uploaded/Carcass_Bundle.JPG	22	22
91	2024-04-24 08:09:28.332558-07	2024-04-24 08:09:28.379451-07	t	Newsome Restoration	Newsome	newsome-restoration	Jarrod Crow	2017-09-14	Jarrod Crow	images/uploaded/Newsome_Restoration.JPG	90	90
93	2024-04-24 09:42:44.925046-07	2024-04-24 09:42:44.956458-07	t	Reach 14 Post Project	A high-up view of Reach 14 in the Spring of 2023 post restoration.	reach-14-post-project	Shawn Kaschmitter	2023-05-24	Shawn Kaschmitter	images/uploaded/20230524_141024.jpg	72	72
94	2024-04-24 10:04:56.62664-07	2024-04-24 10:04:56.657896-07	t	Red River 2	Field photo	red-river-2	Jarrod Crow	2023-10-30	Jarrod Crow	images/uploaded/Red_River_2.jpg	90	90
95	2024-04-24 11:10:30.308021-07	2024-04-24 11:10:30.339333-07	t	Sweetwater Aquatic Ecosystem Restoration	Overview of TAs involved in Sweetwater Ecosystem Restoration Project	sweetwater-aquatic-ecosystem-restoration	Shawn Kaschmitter	2024-04-24	Shawn Kaschmitter	images/uploaded/USACE_Sweetwater.png	72	72
96	2024-04-24 11:16:15.967034-07	2024-04-24 11:16:15.998329-07	t	Sweetwater Creek @ TA369B	Image of a simplified section of Sweetwater Creek on Tribal Allotment 369B.	sweetwater-creek-ta369b	Shawn Kaschmitter	2023-11-01	Shawn Kaschmitter	images/uploaded/1000002490.jpg	72	72
97	2024-04-24 11:27:45.276731-07	2024-04-24 11:27:45.323628-07	t	3125 PALS	An image of a Post Assisted Log Structure installed in TT 3125.	3125-pals	Shawn Kaschmitter	2024-04-17	Shawn Kaschmitter	images/uploaded/20240417_141724.jpg	72	72
98	2024-04-24 11:32:42.371185-07	2024-04-24 11:32:42.386801-07	t	Sweetwater Ford	The NPT DFRM Watershed Division Lapwai Creek Project is partnering with a local landowner to improve a stream crossing in Sweetwater Creek.  The project will remove and rehab an agricultural ford and replace it with an approved AOP crossing that will allow free passage of all life stages of ESA listed A-Run Steelhead, as well as reintroduced Spring/Summer Chinook & Coho Salmon.	sweetwater-ford	Shawn Kaschmitter	2022-07-18	Shawn Kaschmitter	images/uploaded/IMG_0869.jpeg	72	72
100	2024-04-24 11:43:06.180616-07	2024-04-24 11:43:06.211865-07	t	Treated Poison Hemlock	An image of Poison Hemlock that has been treated with herbicide.	treated-poison-hemlock	Shawn Kaschmitter	2024-04-04	Shawn Kaschmitter	images/uploaded/20240404_122510_002.jpg	72	72
101	2024-04-24 13:12:44.894254-07	2024-04-24 13:12:44.925481-07	t	Crooked River arial	Crooked River Phase 2	crooked-river-arial	Jarrod Crow	2021-08-11	Jarrod Crow	images/uploaded/Crooked_River_arial.jpg	90	90
102	2024-04-24 13:13:37.890274-07	2024-04-24 13:13:37.921517-07	t	Crooked River logjam	Crooked River logjam	crooked-river-logjam	Jarrod Crow	2021-08-11	Jarrod Crow	images/uploaded/Crooked_River_Logjam.jpg	90	90
108	2024-04-25 10:35:25.990437-07	2024-04-25 10:35:26.021711-07	t	Crooked Meanders	Crooked Meanders	crooked-meanders	Jarrod Crow	2015-04-20	Jarrod Crow	images/uploaded/Crooked_Meanders.JPG	90	90
109	2024-04-25 11:17:09.76738-07	2024-04-25 11:17:09.814319-07	t	American River Culvert	American River Culvert	american-river-culvert	Jarrod Crow	2017-08-13	Jarrod Crow	images/uploaded/American_River_culvert.jpg	90	90
112	2024-04-30 12:27:42.066595-07	2024-04-30 12:27:42.097861-07	t	Newsome Creek LWD Treatment	Pre-implementation BOS photo of Newsome Creek LWD treatment site	newsome-creek-lwd-treatment	Clint Chandler	2021-09-02	Clint Chandler	images/uploaded/Newsome_LWD_Treatment.JPG	71	71
138	2024-05-28 11:01:30.89147-07	2024-05-28 11:01:30.922706-07	t	Lost Creek (5601)	Lost Creek (5601) Road Improvement	lost-creek-5601	David F.	2023-10-09	Personal	images/uploaded/Lost_Creek_Rd.5601_Road_Improvement.JPG	98	98
115	2024-04-30 12:57:08.218843-07	2024-04-30 12:57:08.250098-07	t	Yoosa Creek	Yoosa Creek LWD and weir log	yoosa-creek	Clint Chandler	2023-08-21	Clint Chandler	images/uploaded/Yoosa_Creek.JPG	71	71
128	2024-05-01 09:48:31.842665-07	2024-05-01 09:48:31.873892-07	t	Lawyer Creek Flying B status site	Lawyer Creek at Flying B Ranch	lawyer-creek-flying-b-status-site	Clint Chandler	2011-09-02	Clint Chandler	images/uploaded/Lawyer_Creek_Flying_B_status.jpg	71	71
129	2024-05-15 10:57:43.904806-07	2024-05-15 10:57:43.936001-07	t	Big Creek salmon	group of salmon spawning in Big Creek	big-creek-salmon	B Young	2007-08-15	Personal	images/uploaded/big_crk_salmon.jpg	51	51
139	2024-05-28 11:12:52.118087-07	2024-05-28 11:12:52.149335-07	t	Bald Mountain ITD Rehabilitation Site Planting.	Planting.	bald-mountain-itd-rehabilitation-site-planting	David F.	2023-10-31	Personal	images/uploaded/Bald_Mountain.JPG	98	98
130	2024-05-15 10:58:45.147795-07	2024-05-15 10:58:45.182234-07	t	Displaying male Chinook	Male Chinook swimming with dorsal fin above water	displaying-male-chinook	B Young	2010-08-30	Personal	images/uploaded/chnk_male_displaying.jpg	51	51
131	2024-05-15 11:01:31.170628-07	2024-05-15 11:01:31.20629-07	t	Carcasses	Spawning ground surveys on SFSR, carcass data collection	carcasses	B Young	2014-09-08	Personal	images/uploaded/Poverty_carcasses.jpg	51	51
132	2024-05-15 11:03:32.260054-07	2024-05-15 11:03:32.275677-07	t	Lower Imnaha RST	RST fishing in lower Imnaha River	lower-imnaha-rst	B Young	2007-05-30	personal	images/uploaded/IMG_0107.JPG	51	51
133	2024-05-20 09:41:18.590775-07	2024-05-20 09:41:18.622023-07	t	Lochsa River.	Lochsa River.	lochsa-river	Shawn K.	2021-05-12	Personal.	images/uploaded/20210512_100018.jpg	98	98
134	2024-05-20 14:20:03.697938-07	2024-05-20 14:20:03.729192-07	t	Lochsa Project Watershed Restoration	Lochsa River	lochsa-project-watershed-restoration	Shawn K.	2020-08-11	Personal	images/uploaded/20200811_110940.jpg	98	98
135	2024-05-20 14:39:00.822147-07	2024-05-20 14:39:00.837797-07	t	Imnamatnoon	Imnamatnoon Creek, Oncorhynchus, mykiss	imnamatnoon	O. Lopez	2022-09-14	Personal	images/uploaded/20220914_143552.jpg	98	98
136	2024-05-28 10:36:17.986621-07	2024-05-28 10:36:18.017883-07	t	Wispin`'iitpe	Packer Meadow	wispiniitpe	David F.	2009-06-25	Personal	images/uploaded/Packer_Meadow_6-25-09-5.JPG	98	98
137	2024-05-28 10:48:45.572521-07	2024-05-28 10:48:45.588152-07	t	Indian Grave Creek Project	Indian Grave Creek	indian-grave-creek-project	David F.	2021-05-17	Personal	images/uploaded/Indian_Grave_Creek.JPG	98	98
140	2024-05-28 11:50:14.769908-07	2024-05-28 11:50:14.801156-07	t	Treatment of Invasive Species	Spraying Invasive Plant Species	treatment-of-invasive-species	Othoniel L.	2023-08-16	Personal	images/uploaded/Invasive_Species_Treatmnet.JPG	98	98
141	2024-05-28 12:02:33.760544-07	2024-05-28 12:02:33.791798-07	t	Weed treatment	Invasive Plant Treatment	weed-treatment	Othoniel L.	2023-08-16	Personal	images/uploaded/P8160058.JPG	98	98
142	2024-05-28 12:09:13.355529-07	2024-05-28 12:09:13.38678-07	t	Restoration Planting	Planting	restoration-planting	Othoniel L.	2023-10-25	Personal	images/uploaded/PA250081.JPG	98	98
143	2024-05-28 12:33:14.81522-07	2024-05-28 12:33:14.84646-07	t	PALS	PALS Installation	pals	David F.	2022-08-16	Personal	images/uploaded/20220816_142413.jpg	98	98
144	2024-05-28 12:44:05.963266-07	2024-05-28 12:44:05.97889-07	t	Planting	Restoration Planting	planting	David F.	2011-10-19	Personal	images/uploaded/planting.jpg	98	98
\.


--
-- Data for Name: guardian_groupobjectpermission; Type: TABLE DATA; Schema: public; Owner: postgres
--

COPY public.guardian_groupobjectpermission (id, object_pk, content_type_id, group_id, permission_id) FROM stdin;
\.


--
-- Data for Name: guardian_userobjectpermission; Type: TABLE DATA; Schema: public; Owner: postgres
--

COPY public.guardian_userobjectpermission (id, object_pk, content_type_id, permission_id, user_id) FROM stdin;
1	1	12	46	3
2	1	12	46	44
3	2	12	46	3
4	2	12	46	22
5	1	13	50	44
6	1	14	54	44
7	1	14	54	50
8	2	14	54	44
9	2	14	54	37
10	2	13	50	2
11	2	13	50	63
12	3	14	54	2
14	3	13	50	2
15	3	13	50	17
16	3	12	46	4
17	4	12	46	4
18	4	12	46	36
19	4	13	50	2
20	4	13	50	47
21	4	14	54	2
22	4	14	54	54
23	5	13	50	4
24	5	13	50	5
25	6	12	46	2
26	6	12	46	65
27	7	12	46	2
28	7	12	46	66
29	8	12	46	2
30	8	12	46	66
31	9	12	46	2
32	9	12	46	67
33	10	12	46	2
34	10	12	46	68
35	11	12	46	2
36	11	12	46	69
37	12	12	46	2
38	12	12	46	70
39	13	12	46	2
40	13	12	46	71
41	14	12	46	2
42	14	12	46	8
43	15	12	46	2
44	15	12	46	72
45	16	12	46	2
46	16	12	46	73
47	17	12	46	2
48	17	12	46	53
49	17	12	46	74
50	18	12	46	2
52	19	12	46	2
53	19	12	46	51
54	20	12	46	2
55	20	12	46	21
56	21	12	46	2
57	21	12	46	76
58	22	12	46	2
59	22	12	46	76
60	23	12	46	2
61	23	12	46	77
62	24	12	46	2
63	24	12	46	78
64	24	12	46	19
65	24	12	46	34
66	18	13	50	4
67	19	13	50	3
68	19	13	50	10
69	5	14	54	3
70	5	14	54	37
71	20	13	50	3
72	20	13	50	10
73	25	12	46	2
74	25	12	46	27
75	1	18	70	3
76	2	18	70	3
77	3	18	70	3
78	4	18	70	3
79	26	12	46	81
80	12	9	34	81
81	21	13	50	81
82	21	13	50	69
83	5	18	70	81
84	6	14	54	81
85	6	14	54	49
86	11	12	46	81
87	22	13	50	81
88	22	13	50	69
89	23	13	50	81
90	23	13	50	69
91	24	13	50	81
92	24	13	50	69
93	13	9	34	69
94	14	9	34	69
95	15	9	34	69
96	16	9	34	81
97	17	9	34	69
98	18	9	34	69
99	19	9	34	69
100	6	18	70	81
101	7	18	70	81
102	20	9	34	69
103	25	13	50	10
104	25	13	50	49
105	27	12	46	10
106	27	12	46	85
107	28	12	46	10
108	28	12	46	77
109	29	12	46	10
110	29	12	46	12
111	30	12	46	10
112	30	12	46	12
113	31	12	46	10
114	31	12	46	51
115	21	9	34	2
116	6	18	71	81
117	4	18	71	3
118	1	18	71	3
119	22	9	34	3
120	23	9	34	3
121	5	9	34	2
122	5	9	35	2
123	8	9	34	4
124	8	9	35	4
125	4	9	34	44
126	4	9	35	44
127	16	9	35	81
128	20	9	35	69
129	13	9	35	69
130	17	9	35	69
131	14	9	35	69
132	15	9	35	69
133	19	9	35	69
134	18	9	35	69
135	7	9	34	2
136	7	9	35	2
137	6	9	34	2
138	6	9	35	2
139	2	9	35	2
140	2	9	34	2
141	1	9	35	2
142	1	9	34	2
143	21	9	35	2
144	11	9	35	2
145	11	9	34	2
146	10	9	35	2
147	10	9	34	2
148	9	9	35	3
149	9	9	34	3
150	3	9	35	3
151	3	9	34	3
152	8	18	70	3
153	8	18	71	3
154	24	9	34	44
155	25	9	34	44
156	26	9	34	44
157	27	9	34	3
158	28	9	34	44
159	28	9	35	44
160	26	13	50	2
161	26	13	50	27
162	25	9	35	44
163	24	9	35	44
164	26	9	35	44
165	7	14	54	2
166	7	14	54	27
167	8	14	54	2
168	8	14	54	49
169	29	9	34	2
170	29	9	35	2
171	32	12	46	2
172	32	12	46	27
173	27	13	50	2
174	27	13	50	27
175	9	14	54	2
176	9	14	54	49
177	10	14	54	2
178	10	14	54	27
179	30	9	34	2
180	30	9	35	2
181	31	9	34	2
182	31	9	35	2
183	32	9	34	2
184	32	9	35	2
185	2	13	50	44
186	3	14	54	44
187	9	18	70	3
188	9	18	71	3
189	10	18	70	3
190	10	18	71	3
191	33	12	46	53
192	28	13	50	27
193	29	13	50	27
194	29	13	50	49
195	33	9	34	27
196	33	9	35	27
197	11	18	70	27
198	11	18	71	27
199	30	13	50	53
200	34	9	34	53
201	34	9	35	53
202	35	9	34	53
203	35	9	35	53
204	31	13	50	53
205	11	14	54	53
206	11	14	54	54
207	36	9	34	53
208	36	9	35	53
209	37	9	34	53
210	37	9	35	53
211	12	14	54	53
212	12	14	54	46
213	38	9	34	21
214	38	9	35	21
215	39	9	34	21
216	39	9	35	21
217	40	9	34	21
218	40	9	35	21
219	41	9	34	21
220	41	9	35	21
221	42	9	34	21
222	42	9	35	21
223	32	13	50	21
224	32	13	50	39
225	43	9	34	21
226	43	9	35	21
227	44	9	34	21
228	44	9	35	21
229	33	13	50	21
230	33	13	50	39
231	34	12	46	10
232	34	12	46	4
233	45	9	34	21
234	45	9	35	21
235	34	13	50	21
236	46	9	34	21
237	46	9	35	21
238	35	13	50	21
239	5	12	46	4
240	36	13	50	4
241	36	13	50	64
242	13	14	54	21
243	13	14	54	39
244	14	14	54	21
245	14	14	54	39
246	15	14	54	21
247	47	9	34	21
248	47	9	35	21
249	16	14	54	21
250	48	9	34	21
251	48	9	35	21
252	49	9	34	34
253	49	9	35	34
254	50	9	34	34
255	50	9	35	34
256	51	9	34	34
257	51	9	35	34
258	37	13	50	34
259	52	9	34	34
260	52	9	35	34
261	38	13	50	34
262	17	14	54	34
263	17	14	54	45
264	53	9	34	34
265	53	9	35	34
266	18	14	54	34
267	39	13	50	2
268	39	13	50	78
269	12	18	70	2
270	12	18	71	2
271	54	9	34	34
272	54	9	35	34
273	55	9	34	34
274	55	9	35	34
275	19	14	54	34
276	56	9	34	34
277	56	9	35	34
278	20	14	54	34
279	40	13	50	34
280	40	13	50	19
281	21	14	54	34
282	21	14	54	41
283	57	9	34	34
284	57	9	35	34
285	58	9	34	34
286	58	9	35	34
287	59	9	34	34
288	59	9	35	34
289	22	14	54	34
290	22	14	54	41
291	23	14	54	34
292	23	14	54	41
293	24	14	54	34
294	24	14	54	41
295	25	14	54	34
296	25	14	54	41
297	60	9	34	34
298	60	9	35	34
299	61	9	34	34
300	61	9	35	34
301	62	9	34	34
302	62	9	35	34
303	63	9	34	34
304	63	9	35	34
305	64	9	34	34
306	64	9	35	34
307	26	14	54	53
308	26	14	54	87
309	13	18	70	3
310	13	18	71	3
311	14	18	70	69
312	14	18	71	69
313	65	9	34	76
314	65	9	35	76
315	41	13	50	76
316	42	13	50	76
317	66	9	34	76
318	66	9	35	76
319	67	9	34	76
320	67	9	35	76
321	68	9	34	76
322	68	9	35	76
323	69	9	34	66
324	69	9	35	66
325	70	9	34	66
326	70	9	35	66
327	71	9	34	66
328	71	9	35	66
329	43	13	50	66
330	44	13	50	66
331	72	9	34	66
332	72	9	35	66
333	73	9	34	66
334	73	9	35	66
335	74	9	34	3
336	74	9	35	3
337	15	18	70	44
338	15	18	71	44
339	16	18	70	44
340	16	18	71	44
341	17	18	70	44
342	17	18	71	44
343	12	12	46	90
344	6	12	46	90
345	75	9	34	66
346	75	9	35	66
347	45	13	50	66
348	76	9	34	66
349	76	9	35	66
350	46	13	50	3
351	46	13	50	51
352	47	13	50	3
353	47	13	50	12
354	48	13	50	3
355	48	13	50	8
356	77	9	34	22
357	77	9	35	22
358	78	9	34	22
359	78	9	35	22
360	79	9	34	22
361	79	9	35	22
362	80	9	34	22
363	80	9	35	22
364	81	9	34	90
365	81	9	35	90
366	82	9	34	22
367	82	9	35	22
368	83	9	34	22
369	83	9	35	22
370	27	14	54	22
371	27	14	54	59
372	84	9	34	22
373	84	9	35	22
374	85	9	34	22
375	85	9	35	22
376	86	9	34	22
377	86	9	35	22
378	28	14	54	22
379	28	14	54	59
380	87	9	34	22
381	87	9	35	22
382	88	9	34	22
383	88	9	35	22
384	29	14	54	22
385	29	14	54	47
386	89	9	34	22
387	89	9	35	22
388	90	9	34	22
389	90	9	35	22
390	49	13	50	22
391	91	9	34	90
392	91	9	35	90
393	92	9	34	72
394	92	9	35	72
395	50	13	50	90
396	50	13	50	70
397	93	9	34	72
398	93	9	35	72
399	51	13	50	90
400	51	13	50	70
401	94	9	34	90
402	94	9	35	90
403	52	13	50	72
404	95	9	34	72
405	95	9	35	72
406	53	13	50	72
407	96	9	34	72
408	96	9	35	72
409	54	13	50	72
410	97	9	34	72
411	97	9	35	72
412	98	9	34	72
413	98	9	35	72
414	55	13	50	72
415	99	9	34	72
416	99	9	35	72
417	100	9	34	72
418	100	9	35	72
419	56	13	50	72
420	101	9	34	90
421	101	9	35	90
422	102	9	34	90
423	102	9	35	90
424	103	9	34	90
425	103	9	35	90
426	104	9	34	22
427	104	9	35	22
428	105	9	34	22
429	105	9	35	22
430	30	14	54	22
431	30	14	54	61
432	106	9	34	90
433	106	9	35	90
434	108	9	34	90
435	108	9	35	90
436	57	13	50	90
437	57	13	50	65
438	109	9	34	90
439	109	9	35	90
440	58	13	50	90
441	58	13	50	65
442	110	9	34	71
443	110	9	35	71
444	111	9	34	71
445	111	9	35	71
446	112	9	34	71
447	112	9	35	71
448	59	13	50	71
449	113	9	34	71
450	113	9	35	71
451	114	9	34	71
452	114	9	35	71
453	35	12	46	71
454	115	9	34	71
455	115	9	35	71
456	36	12	46	71
457	60	13	50	71
458	116	9	34	71
459	116	9	35	71
460	61	13	50	71
461	117	9	34	71
462	117	9	35	71
463	62	13	50	71
464	118	9	34	71
465	118	9	35	71
466	63	13	50	71
467	119	9	34	71
468	119	9	35	71
469	64	13	50	71
470	120	9	34	71
471	120	9	35	71
472	121	9	34	71
473	121	9	35	71
474	122	9	34	71
475	122	9	35	71
476	123	9	34	71
477	123	9	35	71
478	124	9	34	71
479	124	9	35	71
480	125	9	34	71
481	125	9	35	71
482	126	9	34	71
483	126	9	35	71
484	127	9	34	71
485	127	9	35	71
486	128	9	34	71
487	128	9	35	71
488	129	9	34	51
489	129	9	35	51
490	130	9	34	51
491	130	9	35	51
492	131	9	34	51
493	131	9	35	51
494	132	9	34	51
495	132	9	35	51
496	18	12	46	67
497	18	12	46	98
498	133	9	34	98
499	133	9	35	98
500	134	9	34	98
501	134	9	35	98
502	135	9	34	98
503	135	9	35	98
504	136	9	34	98
505	136	9	35	98
506	65	13	50	98
507	65	13	50	67
508	137	9	34	98
509	137	9	35	98
510	66	13	50	98
511	66	13	50	67
512	138	9	34	98
513	138	9	35	98
514	67	13	50	98
515	67	13	50	67
516	139	9	34	98
517	139	9	35	98
518	68	13	50	98
519	68	13	50	67
520	140	9	34	98
521	140	9	35	98
522	69	13	50	98
523	141	9	34	98
524	141	9	35	98
525	142	9	34	98
526	142	9	35	98
527	70	13	50	98
528	143	9	34	98
529	143	9	35	98
530	71	13	50	98
531	71	13	50	67
532	144	9	34	98
533	144	9	35	98
\.


--
-- Data for Name: spatial_ref_sys; Type: TABLE DATA; Schema: public; Owner: postgres
--

COPY public.spatial_ref_sys (srid, auth_name, auth_srid, srtext, proj4text) FROM stdin;
\.


--
-- Name: account_profile_id_seq; Type: SEQUENCE SET; Schema: public; Owner: postgres
--

SELECT pg_catalog.setval('public.account_profile_id_seq', 98, true);


--
-- Name: account_user_groups_id_seq; Type: SEQUENCE SET; Schema: public; Owner: postgres
--

SELECT pg_catalog.setval('public.account_user_groups_id_seq', 101, true);


--
-- Name: account_user_id_seq; Type: SEQUENCE SET; Schema: public; Owner: postgres
--

SELECT pg_catalog.setval('public.account_user_id_seq', 98, true);


--
-- Name: account_user_user_permissions_id_seq; Type: SEQUENCE SET; Schema: public; Owner: postgres
--

SELECT pg_catalog.setval('public.account_user_user_permissions_id_seq', 4, true);


--
-- Name: administration_department_id_seq; Type: SEQUENCE SET; Schema: public; Owner: postgres
--

SELECT pg_catalog.setval('public.administration_department_id_seq', 1, true);


--
-- Name: administration_department_staff_id_seq; Type: SEQUENCE SET; Schema: public; Owner: postgres
--

SELECT pg_catalog.setval('public.administration_department_staff_id_seq', 3, true);


--
-- Name: administration_division_id_seq; Type: SEQUENCE SET; Schema: public; Owner: postgres
--

SELECT pg_catalog.setval('public.administration_division_id_seq', 5, true);


--
-- Name: administration_division_staff_id_seq; Type: SEQUENCE SET; Schema: public; Owner: postgres
--

SELECT pg_catalog.setval('public.administration_division_staff_id_seq', 18, true);


--
-- Name: administration_facility_id_seq; Type: SEQUENCE SET; Schema: public; Owner: postgres
--

SELECT pg_catalog.setval('public.administration_facility_id_seq', 12, true);


--
-- Name: administration_facility_staff_id_seq; Type: SEQUENCE SET; Schema: public; Owner: postgres
--

SELECT pg_catalog.setval('public.administration_facility_staff_id_seq', 76, true);


--
-- Name: administration_project_id_seq; Type: SEQUENCE SET; Schema: public; Owner: postgres
--

SELECT pg_catalog.setval('public.administration_project_id_seq', 36, true);


--
-- Name: administration_project_project_leader_id_seq; Type: SEQUENCE SET; Schema: public; Owner: postgres
--

SELECT pg_catalog.setval('public.administration_project_project_leader_id_seq', 49, true);


--
-- Name: administration_subproject_id_seq; Type: SEQUENCE SET; Schema: public; Owner: postgres
--

SELECT pg_catalog.setval('public.administration_subproject_id_seq', 71, true);


--
-- Name: administration_task_id_seq; Type: SEQUENCE SET; Schema: public; Owner: postgres
--

SELECT pg_catalog.setval('public.administration_task_id_seq', 30, true);


--
-- Name: auth_group_id_seq; Type: SEQUENCE SET; Schema: public; Owner: postgres
--

SELECT pg_catalog.setval('public.auth_group_id_seq', 6, true);


--
-- Name: auth_group_permissions_id_seq; Type: SEQUENCE SET; Schema: public; Owner: postgres
--

SELECT pg_catalog.setval('public.auth_group_permissions_id_seq', 132, true);


--
-- Name: auth_permission_id_seq; Type: SEQUENCE SET; Schema: public; Owner: postgres
--

SELECT pg_catalog.setval('public.auth_permission_id_seq', 72, true);


--
-- Name: common_objectlookup_id_seq; Type: SEQUENCE SET; Schema: public; Owner: postgres
--

SELECT pg_catalog.setval('public.common_objectlookup_id_seq', 16, true);


--
-- Name: django_admin_log_id_seq; Type: SEQUENCE SET; Schema: public; Owner: postgres
--

SELECT pg_catalog.setval('public.django_admin_log_id_seq', 127, true);


--
-- Name: django_content_type_id_seq; Type: SEQUENCE SET; Schema: public; Owner: postgres
--

SELECT pg_catalog.setval('public.django_content_type_id_seq', 18, true);


--
-- Name: django_migrations_id_seq; Type: SEQUENCE SET; Schema: public; Owner: postgres
--

SELECT pg_catalog.setval('public.django_migrations_id_seq', 34, true);


--
-- Name: files_document_employee_authors_id_seq; Type: SEQUENCE SET; Schema: public; Owner: postgres
--

SELECT pg_catalog.setval('public.files_document_employee_authors_id_seq', 31, true);


--
-- Name: files_document_id_seq; Type: SEQUENCE SET; Schema: public; Owner: postgres
--

SELECT pg_catalog.setval('public.files_document_id_seq', 17, true);


--
-- Name: files_image_id_seq; Type: SEQUENCE SET; Schema: public; Owner: postgres
--

SELECT pg_catalog.setval('public.files_image_id_seq', 144, true);


--
-- Name: guardian_groupobjectpermission_id_seq; Type: SEQUENCE SET; Schema: public; Owner: postgres
--

SELECT pg_catalog.setval('public.guardian_groupobjectpermission_id_seq', 1, false);


--
-- Name: guardian_userobjectpermission_id_seq; Type: SEQUENCE SET; Schema: public; Owner: postgres
--

SELECT pg_catalog.setval('public.guardian_userobjectpermission_id_seq', 533, true);


--
-- Name: account_profile account_profile_pkey; Type: CONSTRAINT; Schema: public; Owner: postgres
--

ALTER TABLE ONLY public.account_profile
    ADD CONSTRAINT account_profile_pkey PRIMARY KEY (id);


--
-- Name: account_profile account_profile_user_id_key; Type: CONSTRAINT; Schema: public; Owner: postgres
--

ALTER TABLE ONLY public.account_profile
    ADD CONSTRAINT account_profile_user_id_key UNIQUE (user_id);


--
-- Name: account_user account_user_email_key; Type: CONSTRAINT; Schema: public; Owner: postgres
--

ALTER TABLE ONLY public.account_user
    ADD CONSTRAINT account_user_email_key UNIQUE (email);


--
-- Name: account_user_groups account_user_groups_pkey; Type: CONSTRAINT; Schema: public; Owner: postgres
--

ALTER TABLE ONLY public.account_user_groups
    ADD CONSTRAINT account_user_groups_pkey PRIMARY KEY (id);


--
-- Name: account_user_groups account_user_groups_user_id_group_id_4d09af3e_uniq; Type: CONSTRAINT; Schema: public; Owner: postgres
--

ALTER TABLE ONLY public.account_user_groups
    ADD CONSTRAINT account_user_groups_user_id_group_id_4d09af3e_uniq UNIQUE (user_id, group_id);


--
-- Name: account_user account_user_pkey; Type: CONSTRAINT; Schema: public; Owner: postgres
--

ALTER TABLE ONLY public.account_user
    ADD CONSTRAINT account_user_pkey PRIMARY KEY (id);


--
-- Name: account_user_user_permissions account_user_user_permis_user_id_permission_id_48bdd28b_uniq; Type: CONSTRAINT; Schema: public; Owner: postgres
--

ALTER TABLE ONLY public.account_user_user_permissions
    ADD CONSTRAINT account_user_user_permis_user_id_permission_id_48bdd28b_uniq UNIQUE (user_id, permission_id);


--
-- Name: account_user_user_permissions account_user_user_permissions_pkey; Type: CONSTRAINT; Schema: public; Owner: postgres
--

ALTER TABLE ONLY public.account_user_user_permissions
    ADD CONSTRAINT account_user_user_permissions_pkey PRIMARY KEY (id);


--
-- Name: administration_department_staff administration_departmen_department_id_user_id_c31106b8_uniq; Type: CONSTRAINT; Schema: public; Owner: postgres
--

ALTER TABLE ONLY public.administration_department_staff
    ADD CONSTRAINT administration_departmen_department_id_user_id_c31106b8_uniq UNIQUE (department_id, user_id);


--
-- Name: administration_department administration_department_name_key; Type: CONSTRAINT; Schema: public; Owner: postgres
--

ALTER TABLE ONLY public.administration_department
    ADD CONSTRAINT administration_department_name_key UNIQUE (name);


--
-- Name: administration_department administration_department_pkey; Type: CONSTRAINT; Schema: public; Owner: postgres
--

ALTER TABLE ONLY public.administration_department
    ADD CONSTRAINT administration_department_pkey PRIMARY KEY (id);


--
-- Name: administration_department administration_department_slug_key; Type: CONSTRAINT; Schema: public; Owner: postgres
--

ALTER TABLE ONLY public.administration_department
    ADD CONSTRAINT administration_department_slug_key UNIQUE (slug);


--
-- Name: administration_department_staff administration_department_staff_pkey; Type: CONSTRAINT; Schema: public; Owner: postgres
--

ALTER TABLE ONLY public.administration_department_staff
    ADD CONSTRAINT administration_department_staff_pkey PRIMARY KEY (id);


--
-- Name: administration_division administration_division_name_key; Type: CONSTRAINT; Schema: public; Owner: postgres
--

ALTER TABLE ONLY public.administration_division
    ADD CONSTRAINT administration_division_name_key UNIQUE (name);


--
-- Name: administration_division administration_division_pkey; Type: CONSTRAINT; Schema: public; Owner: postgres
--

ALTER TABLE ONLY public.administration_division
    ADD CONSTRAINT administration_division_pkey PRIMARY KEY (id);


--
-- Name: administration_division administration_division_slug_key; Type: CONSTRAINT; Schema: public; Owner: postgres
--

ALTER TABLE ONLY public.administration_division
    ADD CONSTRAINT administration_division_slug_key UNIQUE (slug);


--
-- Name: administration_division_staff administration_division_staff_division_id_user_id_5c7ae377_uniq; Type: CONSTRAINT; Schema: public; Owner: postgres
--

ALTER TABLE ONLY public.administration_division_staff
    ADD CONSTRAINT administration_division_staff_division_id_user_id_5c7ae377_uniq UNIQUE (division_id, user_id);


--
-- Name: administration_division_staff administration_division_staff_pkey; Type: CONSTRAINT; Schema: public; Owner: postgres
--

ALTER TABLE ONLY public.administration_division_staff
    ADD CONSTRAINT administration_division_staff_pkey PRIMARY KEY (id);


--
-- Name: administration_facility administration_facility_name_key; Type: CONSTRAINT; Schema: public; Owner: postgres
--

ALTER TABLE ONLY public.administration_facility
    ADD CONSTRAINT administration_facility_name_key UNIQUE (name);


--
-- Name: administration_facility administration_facility_pkey; Type: CONSTRAINT; Schema: public; Owner: postgres
--

ALTER TABLE ONLY public.administration_facility
    ADD CONSTRAINT administration_facility_pkey PRIMARY KEY (id);


--
-- Name: administration_facility administration_facility_slug_key; Type: CONSTRAINT; Schema: public; Owner: postgres
--

ALTER TABLE ONLY public.administration_facility
    ADD CONSTRAINT administration_facility_slug_key UNIQUE (slug);


--
-- Name: administration_facility_staff administration_facility_staff_facility_id_user_id_0a216887_uniq; Type: CONSTRAINT; Schema: public; Owner: postgres
--

ALTER TABLE ONLY public.administration_facility_staff
    ADD CONSTRAINT administration_facility_staff_facility_id_user_id_0a216887_uniq UNIQUE (facility_id, user_id);


--
-- Name: administration_facility_staff administration_facility_staff_pkey; Type: CONSTRAINT; Schema: public; Owner: postgres
--

ALTER TABLE ONLY public.administration_facility_staff
    ADD CONSTRAINT administration_facility_staff_pkey PRIMARY KEY (id);


--
-- Name: administration_project administration_project_name_key; Type: CONSTRAINT; Schema: public; Owner: postgres
--

ALTER TABLE ONLY public.administration_project
    ADD CONSTRAINT administration_project_name_key UNIQUE (name);


--
-- Name: administration_project_project_leader administration_project_p_project_id_user_id_44d1fa7d_uniq; Type: CONSTRAINT; Schema: public; Owner: postgres
--

ALTER TABLE ONLY public.administration_project_project_leader
    ADD CONSTRAINT administration_project_p_project_id_user_id_44d1fa7d_uniq UNIQUE (project_id, user_id);


--
-- Name: administration_project administration_project_pkey; Type: CONSTRAINT; Schema: public; Owner: postgres
--

ALTER TABLE ONLY public.administration_project
    ADD CONSTRAINT administration_project_pkey PRIMARY KEY (id);


--
-- Name: administration_project_project_leader administration_project_project_leader_pkey; Type: CONSTRAINT; Schema: public; Owner: postgres
--

ALTER TABLE ONLY public.administration_project_project_leader
    ADD CONSTRAINT administration_project_project_leader_pkey PRIMARY KEY (id);


--
-- Name: administration_project administration_project_slug_key; Type: CONSTRAINT; Schema: public; Owner: postgres
--

ALTER TABLE ONLY public.administration_project
    ADD CONSTRAINT administration_project_slug_key UNIQUE (slug);


--
-- Name: administration_subproject administration_subproject_pkey; Type: CONSTRAINT; Schema: public; Owner: postgres
--

ALTER TABLE ONLY public.administration_subproject
    ADD CONSTRAINT administration_subproject_pkey PRIMARY KEY (id);


--
-- Name: administration_task administration_task_pkey; Type: CONSTRAINT; Schema: public; Owner: postgres
--

ALTER TABLE ONLY public.administration_task
    ADD CONSTRAINT administration_task_pkey PRIMARY KEY (id);


--
-- Name: auth_group auth_group_name_key; Type: CONSTRAINT; Schema: public; Owner: postgres
--

ALTER TABLE ONLY public.auth_group
    ADD CONSTRAINT auth_group_name_key UNIQUE (name);


--
-- Name: auth_group_permissions auth_group_permissions_group_id_permission_id_0cd325b0_uniq; Type: CONSTRAINT; Schema: public; Owner: postgres
--

ALTER TABLE ONLY public.auth_group_permissions
    ADD CONSTRAINT auth_group_permissions_group_id_permission_id_0cd325b0_uniq UNIQUE (group_id, permission_id);


--
-- Name: auth_group_permissions auth_group_permissions_pkey; Type: CONSTRAINT; Schema: public; Owner: postgres
--

ALTER TABLE ONLY public.auth_group_permissions
    ADD CONSTRAINT auth_group_permissions_pkey PRIMARY KEY (id);


--
-- Name: auth_group auth_group_pkey; Type: CONSTRAINT; Schema: public; Owner: postgres
--

ALTER TABLE ONLY public.auth_group
    ADD CONSTRAINT auth_group_pkey PRIMARY KEY (id);


--
-- Name: auth_permission auth_permission_content_type_id_codename_01ab375a_uniq; Type: CONSTRAINT; Schema: public; Owner: postgres
--

ALTER TABLE ONLY public.auth_permission
    ADD CONSTRAINT auth_permission_content_type_id_codename_01ab375a_uniq UNIQUE (content_type_id, codename);


--
-- Name: auth_permission auth_permission_pkey; Type: CONSTRAINT; Schema: public; Owner: postgres
--

ALTER TABLE ONLY public.auth_permission
    ADD CONSTRAINT auth_permission_pkey PRIMARY KEY (id);


--
-- Name: common_objectlookup common_objectlookup_name_key; Type: CONSTRAINT; Schema: public; Owner: postgres
--

ALTER TABLE ONLY public.common_objectlookup
    ADD CONSTRAINT common_objectlookup_name_key UNIQUE (name);


--
-- Name: common_objectlookup common_objectlookup_pkey; Type: CONSTRAINT; Schema: public; Owner: postgres
--

ALTER TABLE ONLY public.common_objectlookup
    ADD CONSTRAINT common_objectlookup_pkey PRIMARY KEY (id);


--
-- Name: django_admin_log django_admin_log_pkey; Type: CONSTRAINT; Schema: public; Owner: postgres
--

ALTER TABLE ONLY public.django_admin_log
    ADD CONSTRAINT django_admin_log_pkey PRIMARY KEY (id);


--
-- Name: django_content_type django_content_type_app_label_model_76bd3d3b_uniq; Type: CONSTRAINT; Schema: public; Owner: postgres
--

ALTER TABLE ONLY public.django_content_type
    ADD CONSTRAINT django_content_type_app_label_model_76bd3d3b_uniq UNIQUE (app_label, model);


--
-- Name: django_content_type django_content_type_pkey; Type: CONSTRAINT; Schema: public; Owner: postgres
--

ALTER TABLE ONLY public.django_content_type
    ADD CONSTRAINT django_content_type_pkey PRIMARY KEY (id);


--
-- Name: django_migrations django_migrations_pkey; Type: CONSTRAINT; Schema: public; Owner: postgres
--

ALTER TABLE ONLY public.django_migrations
    ADD CONSTRAINT django_migrations_pkey PRIMARY KEY (id);


--
-- Name: django_session django_session_pkey; Type: CONSTRAINT; Schema: public; Owner: postgres
--

ALTER TABLE ONLY public.django_session
    ADD CONSTRAINT django_session_pkey PRIMARY KEY (session_key);


--
-- Name: files_document_employee_authors files_document_employee__document_id_user_id_fd97cecc_uniq; Type: CONSTRAINT; Schema: public; Owner: postgres
--

ALTER TABLE ONLY public.files_document_employee_authors
    ADD CONSTRAINT files_document_employee__document_id_user_id_fd97cecc_uniq UNIQUE (document_id, user_id);


--
-- Name: files_document_employee_authors files_document_employee_authors_pkey; Type: CONSTRAINT; Schema: public; Owner: postgres
--

ALTER TABLE ONLY public.files_document_employee_authors
    ADD CONSTRAINT files_document_employee_authors_pkey PRIMARY KEY (id);


--
-- Name: files_document files_document_pkey; Type: CONSTRAINT; Schema: public; Owner: postgres
--

ALTER TABLE ONLY public.files_document
    ADD CONSTRAINT files_document_pkey PRIMARY KEY (id);


--
-- Name: files_image files_image_name_key; Type: CONSTRAINT; Schema: public; Owner: postgres
--

ALTER TABLE ONLY public.files_image
    ADD CONSTRAINT files_image_name_key UNIQUE (name);


--
-- Name: files_image files_image_pkey; Type: CONSTRAINT; Schema: public; Owner: postgres
--

ALTER TABLE ONLY public.files_image
    ADD CONSTRAINT files_image_pkey PRIMARY KEY (id);


--
-- Name: files_image files_image_slug_key; Type: CONSTRAINT; Schema: public; Owner: postgres
--

ALTER TABLE ONLY public.files_image
    ADD CONSTRAINT files_image_slug_key UNIQUE (slug);


--
-- Name: guardian_groupobjectpermission guardian_groupobjectperm_group_id_permission_id_o_3f189f7c_uniq; Type: CONSTRAINT; Schema: public; Owner: postgres
--

ALTER TABLE ONLY public.guardian_groupobjectpermission
    ADD CONSTRAINT guardian_groupobjectperm_group_id_permission_id_o_3f189f7c_uniq UNIQUE (group_id, permission_id, object_pk);


--
-- Name: guardian_groupobjectpermission guardian_groupobjectpermission_pkey; Type: CONSTRAINT; Schema: public; Owner: postgres
--

ALTER TABLE ONLY public.guardian_groupobjectpermission
    ADD CONSTRAINT guardian_groupobjectpermission_pkey PRIMARY KEY (id);


--
-- Name: guardian_userobjectpermission guardian_userobjectpermi_user_id_permission_id_ob_b0b3d2fc_uniq; Type: CONSTRAINT; Schema: public; Owner: postgres
--

ALTER TABLE ONLY public.guardian_userobjectpermission
    ADD CONSTRAINT guardian_userobjectpermi_user_id_permission_id_ob_b0b3d2fc_uniq UNIQUE (user_id, permission_id, object_pk);


--
-- Name: guardian_userobjectpermission guardian_userobjectpermission_pkey; Type: CONSTRAINT; Schema: public; Owner: postgres
--

ALTER TABLE ONLY public.guardian_userobjectpermission
    ADD CONSTRAINT guardian_userobjectpermission_pkey PRIMARY KEY (id);


--
-- Name: account_user_email_0bd7c421_like; Type: INDEX; Schema: public; Owner: postgres
--

CREATE INDEX account_user_email_0bd7c421_like ON public.account_user USING btree (email varchar_pattern_ops);


--
-- Name: account_user_groups_group_id_6c71f749; Type: INDEX; Schema: public; Owner: postgres
--

CREATE INDEX account_user_groups_group_id_6c71f749 ON public.account_user_groups USING btree (group_id);


--
-- Name: account_user_groups_user_id_14345e7b; Type: INDEX; Schema: public; Owner: postgres
--

CREATE INDEX account_user_groups_user_id_14345e7b ON public.account_user_groups USING btree (user_id);


--
-- Name: account_user_user_permissions_permission_id_66c44191; Type: INDEX; Schema: public; Owner: postgres
--

CREATE INDEX account_user_user_permissions_permission_id_66c44191 ON public.account_user_user_permissions USING btree (permission_id);


--
-- Name: account_user_user_permissions_user_id_cc42d270; Type: INDEX; Schema: public; Owner: postgres
--

CREATE INDEX account_user_user_permissions_user_id_cc42d270 ON public.account_user_user_permissions USING btree (user_id);


--
-- Name: administration_department_assistant_id_2ca82b85; Type: INDEX; Schema: public; Owner: postgres
--

CREATE INDEX administration_department_assistant_id_2ca82b85 ON public.administration_department USING btree (assistant_id);


--
-- Name: administration_department_created_by_id_6ffe4def; Type: INDEX; Schema: public; Owner: postgres
--

CREATE INDEX administration_department_created_by_id_6ffe4def ON public.administration_department USING btree (created_by_id);


--
-- Name: administration_department_deputy_id_f40a39bc; Type: INDEX; Schema: public; Owner: postgres
--

CREATE INDEX administration_department_deputy_id_f40a39bc ON public.administration_department USING btree (deputy_id);


--
-- Name: administration_department_img_banner_id_284c98f5; Type: INDEX; Schema: public; Owner: postgres
--

CREATE INDEX administration_department_img_banner_id_284c98f5 ON public.administration_department USING btree (img_banner_id);


--
-- Name: administration_department_img_card_id_b2399ff2; Type: INDEX; Schema: public; Owner: postgres
--

CREATE INDEX administration_department_img_card_id_b2399ff2 ON public.administration_department USING btree (img_card_id);


--
-- Name: administration_department_manager_id_8d4ed73f; Type: INDEX; Schema: public; Owner: postgres
--

CREATE INDEX administration_department_manager_id_8d4ed73f ON public.administration_department USING btree (manager_id);


--
-- Name: administration_department_name_44815050_like; Type: INDEX; Schema: public; Owner: postgres
--

CREATE INDEX administration_department_name_44815050_like ON public.administration_department USING btree (name varchar_pattern_ops);


--
-- Name: administration_department_slug_5c62a05b_like; Type: INDEX; Schema: public; Owner: postgres
--

CREATE INDEX administration_department_slug_5c62a05b_like ON public.administration_department USING btree (slug varchar_pattern_ops);


--
-- Name: administration_department_staff_department_id_c51f08e7; Type: INDEX; Schema: public; Owner: postgres
--

CREATE INDEX administration_department_staff_department_id_c51f08e7 ON public.administration_department_staff USING btree (department_id);


--
-- Name: administration_department_staff_user_id_2f7cf02b; Type: INDEX; Schema: public; Owner: postgres
--

CREATE INDEX administration_department_staff_user_id_2f7cf02b ON public.administration_department_staff USING btree (user_id);


--
-- Name: administration_department_updated_by_id_e3e0e5b3; Type: INDEX; Schema: public; Owner: postgres
--

CREATE INDEX administration_department_updated_by_id_e3e0e5b3 ON public.administration_department USING btree (updated_by_id);


--
-- Name: administration_division_assistant_id_c15e1c27; Type: INDEX; Schema: public; Owner: postgres
--

CREATE INDEX administration_division_assistant_id_c15e1c27 ON public.administration_division USING btree (assistant_id);


--
-- Name: administration_division_created_by_id_aa71fd11; Type: INDEX; Schema: public; Owner: postgres
--

CREATE INDEX administration_division_created_by_id_aa71fd11 ON public.administration_division USING btree (created_by_id);


--
-- Name: administration_division_department_id_d3200d15; Type: INDEX; Schema: public; Owner: postgres
--

CREATE INDEX administration_division_department_id_d3200d15 ON public.administration_division USING btree (department_id);


--
-- Name: administration_division_deputy_id_33d98f89; Type: INDEX; Schema: public; Owner: postgres
--

CREATE INDEX administration_division_deputy_id_33d98f89 ON public.administration_division USING btree (deputy_id);


--
-- Name: administration_division_img_banner_id_734616c1; Type: INDEX; Schema: public; Owner: postgres
--

CREATE INDEX administration_division_img_banner_id_734616c1 ON public.administration_division USING btree (img_banner_id);


--
-- Name: administration_division_img_card_id_e3785c67; Type: INDEX; Schema: public; Owner: postgres
--

CREATE INDEX administration_division_img_card_id_e3785c67 ON public.administration_division USING btree (img_card_id);


--
-- Name: administration_division_manager_id_43a84cc6; Type: INDEX; Schema: public; Owner: postgres
--

CREATE INDEX administration_division_manager_id_43a84cc6 ON public.administration_division USING btree (manager_id);


--
-- Name: administration_division_name_cd916e81_like; Type: INDEX; Schema: public; Owner: postgres
--

CREATE INDEX administration_division_name_cd916e81_like ON public.administration_division USING btree (name varchar_pattern_ops);


--
-- Name: administration_division_slug_1250ee8b_like; Type: INDEX; Schema: public; Owner: postgres
--

CREATE INDEX administration_division_slug_1250ee8b_like ON public.administration_division USING btree (slug varchar_pattern_ops);


--
-- Name: administration_division_staff_division_id_832ecefd; Type: INDEX; Schema: public; Owner: postgres
--

CREATE INDEX administration_division_staff_division_id_832ecefd ON public.administration_division_staff USING btree (division_id);


--
-- Name: administration_division_staff_user_id_26c65744; Type: INDEX; Schema: public; Owner: postgres
--

CREATE INDEX administration_division_staff_user_id_26c65744 ON public.administration_division_staff USING btree (user_id);


--
-- Name: administration_division_updated_by_id_23d4ac63; Type: INDEX; Schema: public; Owner: postgres
--

CREATE INDEX administration_division_updated_by_id_23d4ac63 ON public.administration_division USING btree (updated_by_id);


--
-- Name: administration_facility_assistant_id_75dfe9a0; Type: INDEX; Schema: public; Owner: postgres
--

CREATE INDEX administration_facility_assistant_id_75dfe9a0 ON public.administration_facility USING btree (assistant_id);


--
-- Name: administration_facility_coordinates_3defc85b_id; Type: INDEX; Schema: public; Owner: postgres
--

CREATE INDEX administration_facility_coordinates_3defc85b_id ON public.administration_facility USING gist (coordinates);


--
-- Name: administration_facility_created_by_id_dd1bbd65; Type: INDEX; Schema: public; Owner: postgres
--

CREATE INDEX administration_facility_created_by_id_dd1bbd65 ON public.administration_facility USING btree (created_by_id);


--
-- Name: administration_facility_deputy_id_2dd79c10; Type: INDEX; Schema: public; Owner: postgres
--

CREATE INDEX administration_facility_deputy_id_2dd79c10 ON public.administration_facility USING btree (deputy_id);


--
-- Name: administration_facility_facility_type_id_2c894e81; Type: INDEX; Schema: public; Owner: postgres
--

CREATE INDEX administration_facility_facility_type_id_2c894e81 ON public.administration_facility USING btree (facility_type_id);


--
-- Name: administration_facility_img_banner_id_04cd2c93; Type: INDEX; Schema: public; Owner: postgres
--

CREATE INDEX administration_facility_img_banner_id_04cd2c93 ON public.administration_facility USING btree (img_banner_id);


--
-- Name: administration_facility_img_card_id_b2a9d0de; Type: INDEX; Schema: public; Owner: postgres
--

CREATE INDEX administration_facility_img_card_id_b2a9d0de ON public.administration_facility USING btree (img_card_id);


--
-- Name: administration_facility_manager_id_e9077102; Type: INDEX; Schema: public; Owner: postgres
--

CREATE INDEX administration_facility_manager_id_e9077102 ON public.administration_facility USING btree (manager_id);


--
-- Name: administration_facility_name_ad1c09ee_like; Type: INDEX; Schema: public; Owner: postgres
--

CREATE INDEX administration_facility_name_ad1c09ee_like ON public.administration_facility USING btree (name varchar_pattern_ops);


--
-- Name: administration_facility_slug_3a27ffeb_like; Type: INDEX; Schema: public; Owner: postgres
--

CREATE INDEX administration_facility_slug_3a27ffeb_like ON public.administration_facility USING btree (slug varchar_pattern_ops);


--
-- Name: administration_facility_staff_facility_id_82b94937; Type: INDEX; Schema: public; Owner: postgres
--

CREATE INDEX administration_facility_staff_facility_id_82b94937 ON public.administration_facility_staff USING btree (facility_id);


--
-- Name: administration_facility_staff_user_id_45e05fbe; Type: INDEX; Schema: public; Owner: postgres
--

CREATE INDEX administration_facility_staff_user_id_45e05fbe ON public.administration_facility_staff USING btree (user_id);


--
-- Name: administration_facility_updated_by_id_6d11da6e; Type: INDEX; Schema: public; Owner: postgres
--

CREATE INDEX administration_facility_updated_by_id_6d11da6e ON public.administration_facility USING btree (updated_by_id);


--
-- Name: administration_project_created_by_id_0a978302; Type: INDEX; Schema: public; Owner: postgres
--

CREATE INDEX administration_project_created_by_id_0a978302 ON public.administration_project USING btree (created_by_id);


--
-- Name: administration_project_department_id_00b1a54c; Type: INDEX; Schema: public; Owner: postgres
--

CREATE INDEX administration_project_department_id_00b1a54c ON public.administration_project USING btree (department_id);


--
-- Name: administration_project_img_banner_id_9ddb7842; Type: INDEX; Schema: public; Owner: postgres
--

CREATE INDEX administration_project_img_banner_id_9ddb7842 ON public.administration_project USING btree (img_banner_id);


--
-- Name: administration_project_img_card_id_e67679d4; Type: INDEX; Schema: public; Owner: postgres
--

CREATE INDEX administration_project_img_card_id_e67679d4 ON public.administration_project USING btree (img_card_id);


--
-- Name: administration_project_name_12351912_like; Type: INDEX; Schema: public; Owner: postgres
--

CREATE INDEX administration_project_name_12351912_like ON public.administration_project USING btree (name varchar_pattern_ops);


--
-- Name: administration_project_project_leader_project_id_3629cb69; Type: INDEX; Schema: public; Owner: postgres
--

CREATE INDEX administration_project_project_leader_project_id_3629cb69 ON public.administration_project_project_leader USING btree (project_id);


--
-- Name: administration_project_project_leader_user_id_bc073f3b; Type: INDEX; Schema: public; Owner: postgres
--

CREATE INDEX administration_project_project_leader_user_id_bc073f3b ON public.administration_project_project_leader USING btree (user_id);


--
-- Name: administration_project_slug_7f354b50_like; Type: INDEX; Schema: public; Owner: postgres
--

CREATE INDEX administration_project_slug_7f354b50_like ON public.administration_project USING btree (slug varchar_pattern_ops);


--
-- Name: administration_project_updated_by_id_c3b69743; Type: INDEX; Schema: public; Owner: postgres
--

CREATE INDEX administration_project_updated_by_id_c3b69743 ON public.administration_project USING btree (updated_by_id);


--
-- Name: administration_subproject_created_by_id_74b0fbf4; Type: INDEX; Schema: public; Owner: postgres
--

CREATE INDEX administration_subproject_created_by_id_74b0fbf4 ON public.administration_subproject USING btree (created_by_id);


--
-- Name: administration_subproject_division_id_62aba264; Type: INDEX; Schema: public; Owner: postgres
--

CREATE INDEX administration_subproject_division_id_62aba264 ON public.administration_subproject USING btree (division_id);


--
-- Name: administration_subproject_img_banner_id_27f90de0; Type: INDEX; Schema: public; Owner: postgres
--

CREATE INDEX administration_subproject_img_banner_id_27f90de0 ON public.administration_subproject USING btree (img_banner_id);


--
-- Name: administration_subproject_img_card_id_6ba262c9; Type: INDEX; Schema: public; Owner: postgres
--

CREATE INDEX administration_subproject_img_card_id_6ba262c9 ON public.administration_subproject USING btree (img_card_id);


--
-- Name: administration_subproject_lead_id_d3c874ad; Type: INDEX; Schema: public; Owner: postgres
--

CREATE INDEX administration_subproject_lead_id_d3c874ad ON public.administration_subproject USING btree (lead_id);


--
-- Name: administration_subproject_project_id_1221614e; Type: INDEX; Schema: public; Owner: postgres
--

CREATE INDEX administration_subproject_project_id_1221614e ON public.administration_subproject USING btree (project_id);


--
-- Name: administration_subproject_updated_by_id_3a0bf370; Type: INDEX; Schema: public; Owner: postgres
--

CREATE INDEX administration_subproject_updated_by_id_3a0bf370 ON public.administration_subproject USING btree (updated_by_id);


--
-- Name: administration_task_created_by_id_fa0067ad; Type: INDEX; Schema: public; Owner: postgres
--

CREATE INDEX administration_task_created_by_id_fa0067ad ON public.administration_task USING btree (created_by_id);


--
-- Name: administration_task_img_banner_id_197a7967; Type: INDEX; Schema: public; Owner: postgres
--

CREATE INDEX administration_task_img_banner_id_197a7967 ON public.administration_task USING btree (img_banner_id);


--
-- Name: administration_task_img_card_id_419f3730; Type: INDEX; Schema: public; Owner: postgres
--

CREATE INDEX administration_task_img_card_id_419f3730 ON public.administration_task USING btree (img_card_id);


--
-- Name: administration_task_subproject_id_e3b0c4f3; Type: INDEX; Schema: public; Owner: postgres
--

CREATE INDEX administration_task_subproject_id_e3b0c4f3 ON public.administration_task USING btree (subproject_id);


--
-- Name: administration_task_supervisor_id_217e147e; Type: INDEX; Schema: public; Owner: postgres
--

CREATE INDEX administration_task_supervisor_id_217e147e ON public.administration_task USING btree (supervisor_id);


--
-- Name: administration_task_task_type_id_fe96500c; Type: INDEX; Schema: public; Owner: postgres
--

CREATE INDEX administration_task_task_type_id_fe96500c ON public.administration_task USING btree (task_type_id);


--
-- Name: administration_task_updated_by_id_c707169b; Type: INDEX; Schema: public; Owner: postgres
--

CREATE INDEX administration_task_updated_by_id_c707169b ON public.administration_task USING btree (updated_by_id);


--
-- Name: auth_group_name_a6ea08ec_like; Type: INDEX; Schema: public; Owner: postgres
--

CREATE INDEX auth_group_name_a6ea08ec_like ON public.auth_group USING btree (name varchar_pattern_ops);


--
-- Name: auth_group_permissions_group_id_b120cbf9; Type: INDEX; Schema: public; Owner: postgres
--

CREATE INDEX auth_group_permissions_group_id_b120cbf9 ON public.auth_group_permissions USING btree (group_id);


--
-- Name: auth_group_permissions_permission_id_84c5c92e; Type: INDEX; Schema: public; Owner: postgres
--

CREATE INDEX auth_group_permissions_permission_id_84c5c92e ON public.auth_group_permissions USING btree (permission_id);


--
-- Name: auth_permission_content_type_id_2f476e4b; Type: INDEX; Schema: public; Owner: postgres
--

CREATE INDEX auth_permission_content_type_id_2f476e4b ON public.auth_permission USING btree (content_type_id);


--
-- Name: common_objectlookup_created_by_id_fe8752ae; Type: INDEX; Schema: public; Owner: postgres
--

CREATE INDEX common_objectlookup_created_by_id_fe8752ae ON public.common_objectlookup USING btree (created_by_id);


--
-- Name: common_objectlookup_name_bd0e3916_like; Type: INDEX; Schema: public; Owner: postgres
--

CREATE INDEX common_objectlookup_name_bd0e3916_like ON public.common_objectlookup USING btree (name varchar_pattern_ops);


--
-- Name: common_objectlookup_updated_by_id_593226e2; Type: INDEX; Schema: public; Owner: postgres
--

CREATE INDEX common_objectlookup_updated_by_id_593226e2 ON public.common_objectlookup USING btree (updated_by_id);


--
-- Name: django_admin_log_content_type_id_c4bce8eb; Type: INDEX; Schema: public; Owner: postgres
--

CREATE INDEX django_admin_log_content_type_id_c4bce8eb ON public.django_admin_log USING btree (content_type_id);


--
-- Name: django_admin_log_user_id_c564eba6; Type: INDEX; Schema: public; Owner: postgres
--

CREATE INDEX django_admin_log_user_id_c564eba6 ON public.django_admin_log USING btree (user_id);


--
-- Name: django_session_expire_date_a5c62663; Type: INDEX; Schema: public; Owner: postgres
--

CREATE INDEX django_session_expire_date_a5c62663 ON public.django_session USING btree (expire_date);


--
-- Name: django_session_session_key_c0390e0f_like; Type: INDEX; Schema: public; Owner: postgres
--

CREATE INDEX django_session_session_key_c0390e0f_like ON public.django_session USING btree (session_key varchar_pattern_ops);


--
-- Name: files_document_created_by_id_f157fe7f; Type: INDEX; Schema: public; Owner: postgres
--

CREATE INDEX files_document_created_by_id_f157fe7f ON public.files_document USING btree (created_by_id);


--
-- Name: files_document_employee_authors_document_id_b2765a0f; Type: INDEX; Schema: public; Owner: postgres
--

CREATE INDEX files_document_employee_authors_document_id_b2765a0f ON public.files_document_employee_authors USING btree (document_id);


--
-- Name: files_document_employee_authors_user_id_c0cad5aa; Type: INDEX; Schema: public; Owner: postgres
--

CREATE INDEX files_document_employee_authors_user_id_c0cad5aa ON public.files_document_employee_authors USING btree (user_id);


--
-- Name: files_document_updated_by_id_0d0d9528; Type: INDEX; Schema: public; Owner: postgres
--

CREATE INDEX files_document_updated_by_id_0d0d9528 ON public.files_document USING btree (updated_by_id);


--
-- Name: files_image_created_by_id_89bf87d7; Type: INDEX; Schema: public; Owner: postgres
--

CREATE INDEX files_image_created_by_id_89bf87d7 ON public.files_image USING btree (created_by_id);


--
-- Name: files_image_name_27eb5902_like; Type: INDEX; Schema: public; Owner: postgres
--

CREATE INDEX files_image_name_27eb5902_like ON public.files_image USING btree (name varchar_pattern_ops);


--
-- Name: files_image_slug_bd37cb9d_like; Type: INDEX; Schema: public; Owner: postgres
--

CREATE INDEX files_image_slug_bd37cb9d_like ON public.files_image USING btree (slug varchar_pattern_ops);


--
-- Name: files_image_updated_by_id_ba1d25ac; Type: INDEX; Schema: public; Owner: postgres
--

CREATE INDEX files_image_updated_by_id_ba1d25ac ON public.files_image USING btree (updated_by_id);


--
-- Name: guardian_gr_content_ae6aec_idx; Type: INDEX; Schema: public; Owner: postgres
--

CREATE INDEX guardian_gr_content_ae6aec_idx ON public.guardian_groupobjectpermission USING btree (content_type_id, object_pk);


--
-- Name: guardian_groupobjectpermission_content_type_id_7ade36b8; Type: INDEX; Schema: public; Owner: postgres
--

CREATE INDEX guardian_groupobjectpermission_content_type_id_7ade36b8 ON public.guardian_groupobjectpermission USING btree (content_type_id);


--
-- Name: guardian_groupobjectpermission_group_id_4bbbfb62; Type: INDEX; Schema: public; Owner: postgres
--

CREATE INDEX guardian_groupobjectpermission_group_id_4bbbfb62 ON public.guardian_groupobjectpermission USING btree (group_id);


--
-- Name: guardian_groupobjectpermission_permission_id_36572738; Type: INDEX; Schema: public; Owner: postgres
--

CREATE INDEX guardian_groupobjectpermission_permission_id_36572738 ON public.guardian_groupobjectpermission USING btree (permission_id);


--
-- Name: guardian_us_content_179ed2_idx; Type: INDEX; Schema: public; Owner: postgres
--

CREATE INDEX guardian_us_content_179ed2_idx ON public.guardian_userobjectpermission USING btree (content_type_id, object_pk);


--
-- Name: guardian_userobjectpermission_content_type_id_2e892405; Type: INDEX; Schema: public; Owner: postgres
--

CREATE INDEX guardian_userobjectpermission_content_type_id_2e892405 ON public.guardian_userobjectpermission USING btree (content_type_id);


--
-- Name: guardian_userobjectpermission_permission_id_71807bfc; Type: INDEX; Schema: public; Owner: postgres
--

CREATE INDEX guardian_userobjectpermission_permission_id_71807bfc ON public.guardian_userobjectpermission USING btree (permission_id);


--
-- Name: guardian_userobjectpermission_user_id_d5c1e964; Type: INDEX; Schema: public; Owner: postgres
--

CREATE INDEX guardian_userobjectpermission_user_id_d5c1e964 ON public.guardian_userobjectpermission USING btree (user_id);


--
-- Name: account_profile account_profile_user_id_bdd52018_fk_account_user_id; Type: FK CONSTRAINT; Schema: public; Owner: postgres
--

ALTER TABLE ONLY public.account_profile
    ADD CONSTRAINT account_profile_user_id_bdd52018_fk_account_user_id FOREIGN KEY (user_id) REFERENCES public.account_user(id) DEFERRABLE INITIALLY DEFERRED;


--
-- Name: account_user_groups account_user_groups_group_id_6c71f749_fk_auth_group_id; Type: FK CONSTRAINT; Schema: public; Owner: postgres
--

ALTER TABLE ONLY public.account_user_groups
    ADD CONSTRAINT account_user_groups_group_id_6c71f749_fk_auth_group_id FOREIGN KEY (group_id) REFERENCES public.auth_group(id) DEFERRABLE INITIALLY DEFERRED;


--
-- Name: account_user_groups account_user_groups_user_id_14345e7b_fk_account_user_id; Type: FK CONSTRAINT; Schema: public; Owner: postgres
--

ALTER TABLE ONLY public.account_user_groups
    ADD CONSTRAINT account_user_groups_user_id_14345e7b_fk_account_user_id FOREIGN KEY (user_id) REFERENCES public.account_user(id) DEFERRABLE INITIALLY DEFERRED;


--
-- Name: account_user_user_permissions account_user_user_pe_permission_id_66c44191_fk_auth_perm; Type: FK CONSTRAINT; Schema: public; Owner: postgres
--

ALTER TABLE ONLY public.account_user_user_permissions
    ADD CONSTRAINT account_user_user_pe_permission_id_66c44191_fk_auth_perm FOREIGN KEY (permission_id) REFERENCES public.auth_permission(id) DEFERRABLE INITIALLY DEFERRED;


--
-- Name: account_user_user_permissions account_user_user_pe_user_id_cc42d270_fk_account_u; Type: FK CONSTRAINT; Schema: public; Owner: postgres
--

ALTER TABLE ONLY public.account_user_user_permissions
    ADD CONSTRAINT account_user_user_pe_user_id_cc42d270_fk_account_u FOREIGN KEY (user_id) REFERENCES public.account_user(id) DEFERRABLE INITIALLY DEFERRED;


--
-- Name: administration_department administration_depar_assistant_id_2ca82b85_fk_account_u; Type: FK CONSTRAINT; Schema: public; Owner: postgres
--

ALTER TABLE ONLY public.administration_department
    ADD CONSTRAINT administration_depar_assistant_id_2ca82b85_fk_account_u FOREIGN KEY (assistant_id) REFERENCES public.account_user(id) DEFERRABLE INITIALLY DEFERRED;


--
-- Name: administration_department administration_depar_created_by_id_6ffe4def_fk_account_u; Type: FK CONSTRAINT; Schema: public; Owner: postgres
--

ALTER TABLE ONLY public.administration_department
    ADD CONSTRAINT administration_depar_created_by_id_6ffe4def_fk_account_u FOREIGN KEY (created_by_id) REFERENCES public.account_user(id) DEFERRABLE INITIALLY DEFERRED;


--
-- Name: administration_department_staff administration_depar_department_id_c51f08e7_fk_administr; Type: FK CONSTRAINT; Schema: public; Owner: postgres
--

ALTER TABLE ONLY public.administration_department_staff
    ADD CONSTRAINT administration_depar_department_id_c51f08e7_fk_administr FOREIGN KEY (department_id) REFERENCES public.administration_department(id) DEFERRABLE INITIALLY DEFERRED;


--
-- Name: administration_department administration_depar_img_banner_id_284c98f5_fk_files_ima; Type: FK CONSTRAINT; Schema: public; Owner: postgres
--

ALTER TABLE ONLY public.administration_department
    ADD CONSTRAINT administration_depar_img_banner_id_284c98f5_fk_files_ima FOREIGN KEY (img_banner_id) REFERENCES public.files_image(id) DEFERRABLE INITIALLY DEFERRED;


--
-- Name: administration_department administration_depar_img_card_id_b2399ff2_fk_files_ima; Type: FK CONSTRAINT; Schema: public; Owner: postgres
--

ALTER TABLE ONLY public.administration_department
    ADD CONSTRAINT administration_depar_img_card_id_b2399ff2_fk_files_ima FOREIGN KEY (img_card_id) REFERENCES public.files_image(id) DEFERRABLE INITIALLY DEFERRED;


--
-- Name: administration_department administration_depar_manager_id_8d4ed73f_fk_account_u; Type: FK CONSTRAINT; Schema: public; Owner: postgres
--

ALTER TABLE ONLY public.administration_department
    ADD CONSTRAINT administration_depar_manager_id_8d4ed73f_fk_account_u FOREIGN KEY (manager_id) REFERENCES public.account_user(id) DEFERRABLE INITIALLY DEFERRED;


--
-- Name: administration_department administration_depar_updated_by_id_e3e0e5b3_fk_account_u; Type: FK CONSTRAINT; Schema: public; Owner: postgres
--

ALTER TABLE ONLY public.administration_department
    ADD CONSTRAINT administration_depar_updated_by_id_e3e0e5b3_fk_account_u FOREIGN KEY (updated_by_id) REFERENCES public.account_user(id) DEFERRABLE INITIALLY DEFERRED;


--
-- Name: administration_department_staff administration_depar_user_id_2f7cf02b_fk_account_u; Type: FK CONSTRAINT; Schema: public; Owner: postgres
--

ALTER TABLE ONLY public.administration_department_staff
    ADD CONSTRAINT administration_depar_user_id_2f7cf02b_fk_account_u FOREIGN KEY (user_id) REFERENCES public.account_user(id) DEFERRABLE INITIALLY DEFERRED;


--
-- Name: administration_department administration_department_deputy_id_f40a39bc_fk_account_user_id; Type: FK CONSTRAINT; Schema: public; Owner: postgres
--

ALTER TABLE ONLY public.administration_department
    ADD CONSTRAINT administration_department_deputy_id_f40a39bc_fk_account_user_id FOREIGN KEY (deputy_id) REFERENCES public.account_user(id) DEFERRABLE INITIALLY DEFERRED;


--
-- Name: administration_division administration_divis_assistant_id_c15e1c27_fk_account_u; Type: FK CONSTRAINT; Schema: public; Owner: postgres
--

ALTER TABLE ONLY public.administration_division
    ADD CONSTRAINT administration_divis_assistant_id_c15e1c27_fk_account_u FOREIGN KEY (assistant_id) REFERENCES public.account_user(id) DEFERRABLE INITIALLY DEFERRED;


--
-- Name: administration_division administration_divis_created_by_id_aa71fd11_fk_account_u; Type: FK CONSTRAINT; Schema: public; Owner: postgres
--

ALTER TABLE ONLY public.administration_division
    ADD CONSTRAINT administration_divis_created_by_id_aa71fd11_fk_account_u FOREIGN KEY (created_by_id) REFERENCES public.account_user(id) DEFERRABLE INITIALLY DEFERRED;


--
-- Name: administration_division administration_divis_department_id_d3200d15_fk_administr; Type: FK CONSTRAINT; Schema: public; Owner: postgres
--

ALTER TABLE ONLY public.administration_division
    ADD CONSTRAINT administration_divis_department_id_d3200d15_fk_administr FOREIGN KEY (department_id) REFERENCES public.administration_department(id) DEFERRABLE INITIALLY DEFERRED;


--
-- Name: administration_division_staff administration_divis_division_id_832ecefd_fk_administr; Type: FK CONSTRAINT; Schema: public; Owner: postgres
--

ALTER TABLE ONLY public.administration_division_staff
    ADD CONSTRAINT administration_divis_division_id_832ecefd_fk_administr FOREIGN KEY (division_id) REFERENCES public.administration_division(id) DEFERRABLE INITIALLY DEFERRED;


--
-- Name: administration_division administration_divis_img_banner_id_734616c1_fk_files_ima; Type: FK CONSTRAINT; Schema: public; Owner: postgres
--

ALTER TABLE ONLY public.administration_division
    ADD CONSTRAINT administration_divis_img_banner_id_734616c1_fk_files_ima FOREIGN KEY (img_banner_id) REFERENCES public.files_image(id) DEFERRABLE INITIALLY DEFERRED;


--
-- Name: administration_division administration_divis_updated_by_id_23d4ac63_fk_account_u; Type: FK CONSTRAINT; Schema: public; Owner: postgres
--

ALTER TABLE ONLY public.administration_division
    ADD CONSTRAINT administration_divis_updated_by_id_23d4ac63_fk_account_u FOREIGN KEY (updated_by_id) REFERENCES public.account_user(id) DEFERRABLE INITIALLY DEFERRED;


--
-- Name: administration_division_staff administration_divis_user_id_26c65744_fk_account_u; Type: FK CONSTRAINT; Schema: public; Owner: postgres
--

ALTER TABLE ONLY public.administration_division_staff
    ADD CONSTRAINT administration_divis_user_id_26c65744_fk_account_u FOREIGN KEY (user_id) REFERENCES public.account_user(id) DEFERRABLE INITIALLY DEFERRED;


--
-- Name: administration_division administration_division_deputy_id_33d98f89_fk_account_user_id; Type: FK CONSTRAINT; Schema: public; Owner: postgres
--

ALTER TABLE ONLY public.administration_division
    ADD CONSTRAINT administration_division_deputy_id_33d98f89_fk_account_user_id FOREIGN KEY (deputy_id) REFERENCES public.account_user(id) DEFERRABLE INITIALLY DEFERRED;


--
-- Name: administration_division administration_division_img_card_id_e3785c67_fk_files_image_id; Type: FK CONSTRAINT; Schema: public; Owner: postgres
--

ALTER TABLE ONLY public.administration_division
    ADD CONSTRAINT administration_division_img_card_id_e3785c67_fk_files_image_id FOREIGN KEY (img_card_id) REFERENCES public.files_image(id) DEFERRABLE INITIALLY DEFERRED;


--
-- Name: administration_division administration_division_manager_id_43a84cc6_fk_account_user_id; Type: FK CONSTRAINT; Schema: public; Owner: postgres
--

ALTER TABLE ONLY public.administration_division
    ADD CONSTRAINT administration_division_manager_id_43a84cc6_fk_account_user_id FOREIGN KEY (manager_id) REFERENCES public.account_user(id) DEFERRABLE INITIALLY DEFERRED;


--
-- Name: administration_facility administration_facil_assistant_id_75dfe9a0_fk_account_u; Type: FK CONSTRAINT; Schema: public; Owner: postgres
--

ALTER TABLE ONLY public.administration_facility
    ADD CONSTRAINT administration_facil_assistant_id_75dfe9a0_fk_account_u FOREIGN KEY (assistant_id) REFERENCES public.account_user(id) DEFERRABLE INITIALLY DEFERRED;


--
-- Name: administration_facility administration_facil_created_by_id_dd1bbd65_fk_account_u; Type: FK CONSTRAINT; Schema: public; Owner: postgres
--

ALTER TABLE ONLY public.administration_facility
    ADD CONSTRAINT administration_facil_created_by_id_dd1bbd65_fk_account_u FOREIGN KEY (created_by_id) REFERENCES public.account_user(id) DEFERRABLE INITIALLY DEFERRED;


--
-- Name: administration_facility_staff administration_facil_facility_id_82b94937_fk_administr; Type: FK CONSTRAINT; Schema: public; Owner: postgres
--

ALTER TABLE ONLY public.administration_facility_staff
    ADD CONSTRAINT administration_facil_facility_id_82b94937_fk_administr FOREIGN KEY (facility_id) REFERENCES public.administration_facility(id) DEFERRABLE INITIALLY DEFERRED;


--
-- Name: administration_facility administration_facil_facility_type_id_2c894e81_fk_common_ob; Type: FK CONSTRAINT; Schema: public; Owner: postgres
--

ALTER TABLE ONLY public.administration_facility
    ADD CONSTRAINT administration_facil_facility_type_id_2c894e81_fk_common_ob FOREIGN KEY (facility_type_id) REFERENCES public.common_objectlookup(id) DEFERRABLE INITIALLY DEFERRED;


--
-- Name: administration_facility administration_facil_img_banner_id_04cd2c93_fk_files_ima; Type: FK CONSTRAINT; Schema: public; Owner: postgres
--

ALTER TABLE ONLY public.administration_facility
    ADD CONSTRAINT administration_facil_img_banner_id_04cd2c93_fk_files_ima FOREIGN KEY (img_banner_id) REFERENCES public.files_image(id) DEFERRABLE INITIALLY DEFERRED;


--
-- Name: administration_facility administration_facil_updated_by_id_6d11da6e_fk_account_u; Type: FK CONSTRAINT; Schema: public; Owner: postgres
--

ALTER TABLE ONLY public.administration_facility
    ADD CONSTRAINT administration_facil_updated_by_id_6d11da6e_fk_account_u FOREIGN KEY (updated_by_id) REFERENCES public.account_user(id) DEFERRABLE INITIALLY DEFERRED;


--
-- Name: administration_facility_staff administration_facil_user_id_45e05fbe_fk_account_u; Type: FK CONSTRAINT; Schema: public; Owner: postgres
--

ALTER TABLE ONLY public.administration_facility_staff
    ADD CONSTRAINT administration_facil_user_id_45e05fbe_fk_account_u FOREIGN KEY (user_id) REFERENCES public.account_user(id) DEFERRABLE INITIALLY DEFERRED;


--
-- Name: administration_facility administration_facility_deputy_id_2dd79c10_fk_account_user_id; Type: FK CONSTRAINT; Schema: public; Owner: postgres
--

ALTER TABLE ONLY public.administration_facility
    ADD CONSTRAINT administration_facility_deputy_id_2dd79c10_fk_account_user_id FOREIGN KEY (deputy_id) REFERENCES public.account_user(id) DEFERRABLE INITIALLY DEFERRED;


--
-- Name: administration_facility administration_facility_img_card_id_b2a9d0de_fk_files_image_id; Type: FK CONSTRAINT; Schema: public; Owner: postgres
--

ALTER TABLE ONLY public.administration_facility
    ADD CONSTRAINT administration_facility_img_card_id_b2a9d0de_fk_files_image_id FOREIGN KEY (img_card_id) REFERENCES public.files_image(id) DEFERRABLE INITIALLY DEFERRED;


--
-- Name: administration_facility administration_facility_manager_id_e9077102_fk_account_user_id; Type: FK CONSTRAINT; Schema: public; Owner: postgres
--

ALTER TABLE ONLY public.administration_facility
    ADD CONSTRAINT administration_facility_manager_id_e9077102_fk_account_user_id FOREIGN KEY (manager_id) REFERENCES public.account_user(id) DEFERRABLE INITIALLY DEFERRED;


--
-- Name: administration_project administration_proje_created_by_id_0a978302_fk_account_u; Type: FK CONSTRAINT; Schema: public; Owner: postgres
--

ALTER TABLE ONLY public.administration_project
    ADD CONSTRAINT administration_proje_created_by_id_0a978302_fk_account_u FOREIGN KEY (created_by_id) REFERENCES public.account_user(id) DEFERRABLE INITIALLY DEFERRED;


--
-- Name: administration_project administration_proje_department_id_00b1a54c_fk_administr; Type: FK CONSTRAINT; Schema: public; Owner: postgres
--

ALTER TABLE ONLY public.administration_project
    ADD CONSTRAINT administration_proje_department_id_00b1a54c_fk_administr FOREIGN KEY (department_id) REFERENCES public.administration_department(id) DEFERRABLE INITIALLY DEFERRED;


--
-- Name: administration_project_project_leader administration_proje_project_id_3629cb69_fk_administr; Type: FK CONSTRAINT; Schema: public; Owner: postgres
--

ALTER TABLE ONLY public.administration_project_project_leader
    ADD CONSTRAINT administration_proje_project_id_3629cb69_fk_administr FOREIGN KEY (project_id) REFERENCES public.administration_project(id) DEFERRABLE INITIALLY DEFERRED;


--
-- Name: administration_project administration_proje_updated_by_id_c3b69743_fk_account_u; Type: FK CONSTRAINT; Schema: public; Owner: postgres
--

ALTER TABLE ONLY public.administration_project
    ADD CONSTRAINT administration_proje_updated_by_id_c3b69743_fk_account_u FOREIGN KEY (updated_by_id) REFERENCES public.account_user(id) DEFERRABLE INITIALLY DEFERRED;


--
-- Name: administration_project_project_leader administration_proje_user_id_bc073f3b_fk_account_u; Type: FK CONSTRAINT; Schema: public; Owner: postgres
--

ALTER TABLE ONLY public.administration_project_project_leader
    ADD CONSTRAINT administration_proje_user_id_bc073f3b_fk_account_u FOREIGN KEY (user_id) REFERENCES public.account_user(id) DEFERRABLE INITIALLY DEFERRED;


--
-- Name: administration_project administration_project_img_banner_id_9ddb7842_fk_files_image_id; Type: FK CONSTRAINT; Schema: public; Owner: postgres
--

ALTER TABLE ONLY public.administration_project
    ADD CONSTRAINT administration_project_img_banner_id_9ddb7842_fk_files_image_id FOREIGN KEY (img_banner_id) REFERENCES public.files_image(id) DEFERRABLE INITIALLY DEFERRED;


--
-- Name: administration_project administration_project_img_card_id_e67679d4_fk_files_image_id; Type: FK CONSTRAINT; Schema: public; Owner: postgres
--

ALTER TABLE ONLY public.administration_project
    ADD CONSTRAINT administration_project_img_card_id_e67679d4_fk_files_image_id FOREIGN KEY (img_card_id) REFERENCES public.files_image(id) DEFERRABLE INITIALLY DEFERRED;


--
-- Name: administration_subproject administration_subpr_created_by_id_74b0fbf4_fk_account_u; Type: FK CONSTRAINT; Schema: public; Owner: postgres
--

ALTER TABLE ONLY public.administration_subproject
    ADD CONSTRAINT administration_subpr_created_by_id_74b0fbf4_fk_account_u FOREIGN KEY (created_by_id) REFERENCES public.account_user(id) DEFERRABLE INITIALLY DEFERRED;


--
-- Name: administration_subproject administration_subpr_division_id_62aba264_fk_administr; Type: FK CONSTRAINT; Schema: public; Owner: postgres
--

ALTER TABLE ONLY public.administration_subproject
    ADD CONSTRAINT administration_subpr_division_id_62aba264_fk_administr FOREIGN KEY (division_id) REFERENCES public.administration_division(id) DEFERRABLE INITIALLY DEFERRED;


--
-- Name: administration_subproject administration_subpr_img_banner_id_27f90de0_fk_files_ima; Type: FK CONSTRAINT; Schema: public; Owner: postgres
--

ALTER TABLE ONLY public.administration_subproject
    ADD CONSTRAINT administration_subpr_img_banner_id_27f90de0_fk_files_ima FOREIGN KEY (img_banner_id) REFERENCES public.files_image(id) DEFERRABLE INITIALLY DEFERRED;


--
-- Name: administration_subproject administration_subpr_img_card_id_6ba262c9_fk_files_ima; Type: FK CONSTRAINT; Schema: public; Owner: postgres
--

ALTER TABLE ONLY public.administration_subproject
    ADD CONSTRAINT administration_subpr_img_card_id_6ba262c9_fk_files_ima FOREIGN KEY (img_card_id) REFERENCES public.files_image(id) DEFERRABLE INITIALLY DEFERRED;


--
-- Name: administration_subproject administration_subpr_project_id_1221614e_fk_administr; Type: FK CONSTRAINT; Schema: public; Owner: postgres
--

ALTER TABLE ONLY public.administration_subproject
    ADD CONSTRAINT administration_subpr_project_id_1221614e_fk_administr FOREIGN KEY (project_id) REFERENCES public.administration_project(id) DEFERRABLE INITIALLY DEFERRED;


--
-- Name: administration_subproject administration_subpr_updated_by_id_3a0bf370_fk_account_u; Type: FK CONSTRAINT; Schema: public; Owner: postgres
--

ALTER TABLE ONLY public.administration_subproject
    ADD CONSTRAINT administration_subpr_updated_by_id_3a0bf370_fk_account_u FOREIGN KEY (updated_by_id) REFERENCES public.account_user(id) DEFERRABLE INITIALLY DEFERRED;


--
-- Name: administration_subproject administration_subproject_lead_id_d3c874ad_fk_account_user_id; Type: FK CONSTRAINT; Schema: public; Owner: postgres
--

ALTER TABLE ONLY public.administration_subproject
    ADD CONSTRAINT administration_subproject_lead_id_d3c874ad_fk_account_user_id FOREIGN KEY (lead_id) REFERENCES public.account_user(id) DEFERRABLE INITIALLY DEFERRED;


--
-- Name: administration_task administration_task_created_by_id_fa0067ad_fk_account_user_id; Type: FK CONSTRAINT; Schema: public; Owner: postgres
--

ALTER TABLE ONLY public.administration_task
    ADD CONSTRAINT administration_task_created_by_id_fa0067ad_fk_account_user_id FOREIGN KEY (created_by_id) REFERENCES public.account_user(id) DEFERRABLE INITIALLY DEFERRED;


--
-- Name: administration_task administration_task_img_banner_id_197a7967_fk_files_image_id; Type: FK CONSTRAINT; Schema: public; Owner: postgres
--

ALTER TABLE ONLY public.administration_task
    ADD CONSTRAINT administration_task_img_banner_id_197a7967_fk_files_image_id FOREIGN KEY (img_banner_id) REFERENCES public.files_image(id) DEFERRABLE INITIALLY DEFERRED;


--
-- Name: administration_task administration_task_img_card_id_419f3730_fk_files_image_id; Type: FK CONSTRAINT; Schema: public; Owner: postgres
--

ALTER TABLE ONLY public.administration_task
    ADD CONSTRAINT administration_task_img_card_id_419f3730_fk_files_image_id FOREIGN KEY (img_card_id) REFERENCES public.files_image(id) DEFERRABLE INITIALLY DEFERRED;


--
-- Name: administration_task administration_task_subproject_id_e3b0c4f3_fk_administr; Type: FK CONSTRAINT; Schema: public; Owner: postgres
--

ALTER TABLE ONLY public.administration_task
    ADD CONSTRAINT administration_task_subproject_id_e3b0c4f3_fk_administr FOREIGN KEY (subproject_id) REFERENCES public.administration_subproject(id) DEFERRABLE INITIALLY DEFERRED;


--
-- Name: administration_task administration_task_supervisor_id_217e147e_fk_account_user_id; Type: FK CONSTRAINT; Schema: public; Owner: postgres
--

ALTER TABLE ONLY public.administration_task
    ADD CONSTRAINT administration_task_supervisor_id_217e147e_fk_account_user_id FOREIGN KEY (supervisor_id) REFERENCES public.account_user(id) DEFERRABLE INITIALLY DEFERRED;


--
-- Name: administration_task administration_task_task_type_id_fe96500c_fk_common_ob; Type: FK CONSTRAINT; Schema: public; Owner: postgres
--

ALTER TABLE ONLY public.administration_task
    ADD CONSTRAINT administration_task_task_type_id_fe96500c_fk_common_ob FOREIGN KEY (task_type_id) REFERENCES public.common_objectlookup(id) DEFERRABLE INITIALLY DEFERRED;


--
-- Name: administration_task administration_task_updated_by_id_c707169b_fk_account_user_id; Type: FK CONSTRAINT; Schema: public; Owner: postgres
--

ALTER TABLE ONLY public.administration_task
    ADD CONSTRAINT administration_task_updated_by_id_c707169b_fk_account_user_id FOREIGN KEY (updated_by_id) REFERENCES public.account_user(id) DEFERRABLE INITIALLY DEFERRED;


--
-- Name: auth_group_permissions auth_group_permissio_permission_id_84c5c92e_fk_auth_perm; Type: FK CONSTRAINT; Schema: public; Owner: postgres
--

ALTER TABLE ONLY public.auth_group_permissions
    ADD CONSTRAINT auth_group_permissio_permission_id_84c5c92e_fk_auth_perm FOREIGN KEY (permission_id) REFERENCES public.auth_permission(id) DEFERRABLE INITIALLY DEFERRED;


--
-- Name: auth_group_permissions auth_group_permissions_group_id_b120cbf9_fk_auth_group_id; Type: FK CONSTRAINT; Schema: public; Owner: postgres
--

ALTER TABLE ONLY public.auth_group_permissions
    ADD CONSTRAINT auth_group_permissions_group_id_b120cbf9_fk_auth_group_id FOREIGN KEY (group_id) REFERENCES public.auth_group(id) DEFERRABLE INITIALLY DEFERRED;


--
-- Name: auth_permission auth_permission_content_type_id_2f476e4b_fk_django_co; Type: FK CONSTRAINT; Schema: public; Owner: postgres
--

ALTER TABLE ONLY public.auth_permission
    ADD CONSTRAINT auth_permission_content_type_id_2f476e4b_fk_django_co FOREIGN KEY (content_type_id) REFERENCES public.django_content_type(id) DEFERRABLE INITIALLY DEFERRED;


--
-- Name: common_objectlookup common_objectlookup_created_by_id_fe8752ae_fk_account_user_id; Type: FK CONSTRAINT; Schema: public; Owner: postgres
--

ALTER TABLE ONLY public.common_objectlookup
    ADD CONSTRAINT common_objectlookup_created_by_id_fe8752ae_fk_account_user_id FOREIGN KEY (created_by_id) REFERENCES public.account_user(id) DEFERRABLE INITIALLY DEFERRED;


--
-- Name: common_objectlookup common_objectlookup_updated_by_id_593226e2_fk_account_user_id; Type: FK CONSTRAINT; Schema: public; Owner: postgres
--

ALTER TABLE ONLY public.common_objectlookup
    ADD CONSTRAINT common_objectlookup_updated_by_id_593226e2_fk_account_user_id FOREIGN KEY (updated_by_id) REFERENCES public.account_user(id) DEFERRABLE INITIALLY DEFERRED;


--
-- Name: django_admin_log django_admin_log_content_type_id_c4bce8eb_fk_django_co; Type: FK CONSTRAINT; Schema: public; Owner: postgres
--

ALTER TABLE ONLY public.django_admin_log
    ADD CONSTRAINT django_admin_log_content_type_id_c4bce8eb_fk_django_co FOREIGN KEY (content_type_id) REFERENCES public.django_content_type(id) DEFERRABLE INITIALLY DEFERRED;


--
-- Name: django_admin_log django_admin_log_user_id_c564eba6_fk_account_user_id; Type: FK CONSTRAINT; Schema: public; Owner: postgres
--

ALTER TABLE ONLY public.django_admin_log
    ADD CONSTRAINT django_admin_log_user_id_c564eba6_fk_account_user_id FOREIGN KEY (user_id) REFERENCES public.account_user(id) DEFERRABLE INITIALLY DEFERRED;


--
-- Name: files_document files_document_created_by_id_f157fe7f_fk_account_user_id; Type: FK CONSTRAINT; Schema: public; Owner: postgres
--

ALTER TABLE ONLY public.files_document
    ADD CONSTRAINT files_document_created_by_id_f157fe7f_fk_account_user_id FOREIGN KEY (created_by_id) REFERENCES public.account_user(id) DEFERRABLE INITIALLY DEFERRED;


--
-- Name: files_document_employee_authors files_document_emplo_document_id_b2765a0f_fk_files_doc; Type: FK CONSTRAINT; Schema: public; Owner: postgres
--

ALTER TABLE ONLY public.files_document_employee_authors
    ADD CONSTRAINT files_document_emplo_document_id_b2765a0f_fk_files_doc FOREIGN KEY (document_id) REFERENCES public.files_document(id) DEFERRABLE INITIALLY DEFERRED;


--
-- Name: files_document_employee_authors files_document_emplo_user_id_c0cad5aa_fk_account_u; Type: FK CONSTRAINT; Schema: public; Owner: postgres
--

ALTER TABLE ONLY public.files_document_employee_authors
    ADD CONSTRAINT files_document_emplo_user_id_c0cad5aa_fk_account_u FOREIGN KEY (user_id) REFERENCES public.account_user(id) DEFERRABLE INITIALLY DEFERRED;


--
-- Name: files_document files_document_updated_by_id_0d0d9528_fk_account_user_id; Type: FK CONSTRAINT; Schema: public; Owner: postgres
--

ALTER TABLE ONLY public.files_document
    ADD CONSTRAINT files_document_updated_by_id_0d0d9528_fk_account_user_id FOREIGN KEY (updated_by_id) REFERENCES public.account_user(id) DEFERRABLE INITIALLY DEFERRED;


--
-- Name: files_image files_image_created_by_id_89bf87d7_fk_account_user_id; Type: FK CONSTRAINT; Schema: public; Owner: postgres
--

ALTER TABLE ONLY public.files_image
    ADD CONSTRAINT files_image_created_by_id_89bf87d7_fk_account_user_id FOREIGN KEY (created_by_id) REFERENCES public.account_user(id) DEFERRABLE INITIALLY DEFERRED;


--
-- Name: files_image files_image_updated_by_id_ba1d25ac_fk_account_user_id; Type: FK CONSTRAINT; Schema: public; Owner: postgres
--

ALTER TABLE ONLY public.files_image
    ADD CONSTRAINT files_image_updated_by_id_ba1d25ac_fk_account_user_id FOREIGN KEY (updated_by_id) REFERENCES public.account_user(id) DEFERRABLE INITIALLY DEFERRED;


--
-- Name: guardian_groupobjectpermission guardian_groupobject_content_type_id_7ade36b8_fk_django_co; Type: FK CONSTRAINT; Schema: public; Owner: postgres
--

ALTER TABLE ONLY public.guardian_groupobjectpermission
    ADD CONSTRAINT guardian_groupobject_content_type_id_7ade36b8_fk_django_co FOREIGN KEY (content_type_id) REFERENCES public.django_content_type(id) DEFERRABLE INITIALLY DEFERRED;


--
-- Name: guardian_groupobjectpermission guardian_groupobject_group_id_4bbbfb62_fk_auth_grou; Type: FK CONSTRAINT; Schema: public; Owner: postgres
--

ALTER TABLE ONLY public.guardian_groupobjectpermission
    ADD CONSTRAINT guardian_groupobject_group_id_4bbbfb62_fk_auth_grou FOREIGN KEY (group_id) REFERENCES public.auth_group(id) DEFERRABLE INITIALLY DEFERRED;


--
-- Name: guardian_groupobjectpermission guardian_groupobject_permission_id_36572738_fk_auth_perm; Type: FK CONSTRAINT; Schema: public; Owner: postgres
--

ALTER TABLE ONLY public.guardian_groupobjectpermission
    ADD CONSTRAINT guardian_groupobject_permission_id_36572738_fk_auth_perm FOREIGN KEY (permission_id) REFERENCES public.auth_permission(id) DEFERRABLE INITIALLY DEFERRED;


--
-- Name: guardian_userobjectpermission guardian_userobjectp_content_type_id_2e892405_fk_django_co; Type: FK CONSTRAINT; Schema: public; Owner: postgres
--

ALTER TABLE ONLY public.guardian_userobjectpermission
    ADD CONSTRAINT guardian_userobjectp_content_type_id_2e892405_fk_django_co FOREIGN KEY (content_type_id) REFERENCES public.django_content_type(id) DEFERRABLE INITIALLY DEFERRED;


--
-- Name: guardian_userobjectpermission guardian_userobjectp_permission_id_71807bfc_fk_auth_perm; Type: FK CONSTRAINT; Schema: public; Owner: postgres
--

ALTER TABLE ONLY public.guardian_userobjectpermission
    ADD CONSTRAINT guardian_userobjectp_permission_id_71807bfc_fk_auth_perm FOREIGN KEY (permission_id) REFERENCES public.auth_permission(id) DEFERRABLE INITIALLY DEFERRED;


--
-- Name: guardian_userobjectpermission guardian_userobjectp_user_id_d5c1e964_fk_account_u; Type: FK CONSTRAINT; Schema: public; Owner: postgres
--

ALTER TABLE ONLY public.guardian_userobjectpermission
    ADD CONSTRAINT guardian_userobjectp_user_id_d5c1e964_fk_account_u FOREIGN KEY (user_id) REFERENCES public.account_user(id) DEFERRABLE INITIALLY DEFERRED;


--
-- PostgreSQL database dump complete
--

